key,label,kind,values,count,file,line,heading,raw
iot_device_types,IoT 기기 종류,canonical,InBody 측정기 / 락커 컨트롤러 / 출입 게이트 / 키오스크,4,_공통/00_KIOSK_연동매트릭스.md,5,KIOSK / IoT 연동 매트릭스,> CRM에서 고정으로 사용하는 기기 종류는 출입 게이트 / 키오스크 / 락커 컨트롤러 / InBody 측정기 4종입니다.
class_session_types,강습 세션 유형,canonical,PT / GX / 골프 / 기타,,_공통/KPI_지표정의.md,50,KPI 지표 정의 > 4. 강습 세션 유형과 GX 세부종목,"- 강습 세션 유형은 PT, GX, 골프, 기타입니다."
gx_subcategories,GX 세부종목,canonical,GX 기타 / 필라테스 / 스피닝 / 요가 / 줌바,,_공통/KPI_지표정의.md,52,KPI 지표 정의 > 4. 강습 세션 유형과 GX 세부종목,"- GX 세부종목은 요가, 필라테스, 스피닝, 줌바, GX 기타입니다."
generic::global::성격,성격,generic,날짜 기준 대상 산출 / 배너 / 알림 큐 동기화,,_공통/공통참조_코드인덱스.md,28,공통 참조 코드 인덱스 > 3. 공통 코드 기준 > NFR-05 만료/기한 알림 배치,- 성격: 날짜 기준 대상 산출과 배지·배너·알림 큐 동기화.
role_codes,권한 역할 코드,canonical,superAdmin / readonly / primary / manager / trainer / owner / staff / fc,8,_공통/권한매트릭스.md,4,공통 권한 매트릭스 > 기본 역할 원칙,"- 관리자 웹 기본 권한 역할 코드는 superAdmin, primary, owner, manager, fc, trainer, staff, readonly 8종으로 고정합니다. owner의 화면 표시명은 Owner(지점장)으로 통일합니다."
iot_device_types,IoT 기기 종류,canonical,InBody 측정기 / 락커 컨트롤러 / 출입 게이트 / 키오스크,4,_공통/외부연동_현황.md,107,공통 외부연동 현황 > 4. 기기 연동,"CRM에서 고정으로 인식하는 기기 종류는 출입 게이트, 키오스크, 락커 컨트롤러, InBody 측정기 4종입니다."
signup_paths,가입경로,canonical,지역카페 / 회원소개 / 블로그 / 인스타 / 현수막 / 전단지 / 간판 / 당근 / 기타,9,V1/D02-회원관리/운영정책.md,23,D02-회원관리 회원관리 — 운영정책 > 1. 핵심 원칙,"- 외부 신규 DB 컬럼 매핑: 경로 필드는 문의 유형(방문(WI) / 전화문의(TI) / 체험 / 일일입장)으로 매핑하고, 상세 경로1과 상세 경로2는 가입경로 단일 필드로 통합 매핑한다. 가입경로 9종은 간판 / 블로그 / 인스타 / 당근 / 지역카페 / 현수막 / 전단지 / 회원소개 / 기타로 고정한다."
signup_paths,가입경로,canonical,지역카페 / 회원소개 / 블로그 / 인스타 / 현수막 / 전단지 / 간판 / 당근 / 기타,9,V1/D02-회원관리/운영정책.md,26,D02-회원관리 회원관리 — 운영정책 > 1. 핵심 원칙,"- 리드 단계의 가입경로와 실제 첫 정상 결제 완료 회원의 가입경로는 다를 수 있으므로, 첫 정상 결제 완료 기준 가입경로 분포를 별도 표시한다. 가입경로 집계는 간판 / 블로그 / 인스타 / 당근 / 지역카페 / 현수막 / 전단지 / 회원소개 / 기타 9종을 기준으로 한다."
member_status_tabs,회원 상태 필터 탭,canonical,미등록 / 전체 / 활성 / 만료 / 예정 / 임박 / 홀딩 / 탈퇴,8,V1/D02-회원관리/운영정책.md,50,D02-회원관리 회원관리 — 운영정책 > 2. 상태 / 운영 정의 > 메인 탭 + 상태 필터,"- 상태 필터 탭 (회원 전체 탭 내부): 전체 / 활성 / 만료 / 예정 / 임박 / 홀딩 / 미등록 / 탈퇴 총 8개 탭 + 건수 배지. 전체는 집계 탭이고, 나머지 7개는 실제 회원 상태값이다. 예정, 임박, 탈퇴도 실제 회원 상태로 관리하며 자동 라벨이나 단순 표시 배지와 혼동하지 않는다. 정지는 회원 상태값이 아니라 현재 상태 위에 적용되는 이용 제한 플래그로 관리한다."
generic::global::연락처 중복 시 (DLG-M006),연락처 중복 시 (DLG-M006),generic,이용권 상태) 표시 / 기존 회원으로 이동 / 강제 등록(법인 동일 번호 등 / 닫기] 3선택지,,V1/D02-회원관리/운영정책.md,68,D02-회원관리 회원관리 — 운영정책 > 2. 상태 / 운영 정의 > 메인 탭 + 상태 필터,- 연락처 중복 시 (DLG-M006): 동일 연락처가 활성 회원에 존재 -> 모달에 기존 회원 카드(이름·이용권 상태) 표시 + [기존 회원으로 이동] / [강제 등록(법인 동일 번호 등)] / [닫기] 3선택지
generic::SCR-M001::요약 지표 카드 (4개) (MBR-01-01),요약 지표 카드 (4개) (MBR-01-01),generic,전체 회원 수 / 활성 회원 수 / 정책상 조치 대상 회원 수 / 이번 달 만료 수를 한눈에 표시,4,V1/D02-회원관리/회원관리.md,31,D02-회원관리 회원관리 > SCR-M001 회원 목록 > 2. UI 구성,"- 요약 지표 카드 (4개) (MBR-01-01): 전체 회원 수 / 활성 회원 수 / 정책상 조치 대상 회원 수 / 이번 달 만료 수를 한눈에 표시. 카드 클릭 시 카드별 정의된 목록 필터가 적용됩니다. 정책상 조치 대상 회원 수는 HQ-09 회원 이용권 만료 step 대상, 이번 달 만료 수는 당월 실제 만료일 도래 회원입니다."
generic::SCR-M001::운영 보기 탭,운영 보기 탭,generic,회원 목록 / 회원권 목록 / 수강권 목록 / 락커 목록 / 운동복 목록으로 보기 방식을 전환,,V1/D02-회원관리/회원관리.md,37,D02-회원관리 회원관리 > SCR-M001 회원 목록 > 2. UI 구성,- 운영 보기 탭: 회원 목록 / 회원권 목록 / 수강권 목록 / 락커 목록 / 운동복 목록으로 보기 방식을 전환합니다. 센터 운영 방식에 따라 일부 탭은 숨길 수 있습니다.
generic::SCR-M001::저장 뷰 탭 (MBR-01-03),저장 뷰 탭 (MBR-01-03),generic,상담내역 / 상담예약 / 재등록대상 / 고객관리 같은 운영 저장 뷰를 상단 서브,,V1/D02-회원관리/회원관리.md,39,D02-회원관리 회원관리 > SCR-M001 회원 목록 > 2. UI 구성,- 저장 뷰 탭 (MBR-01-03): 상담내역 / 상담예약 / 재등록대상 / 고객관리 같은 운영 저장 뷰를 상단 서브 탭으로 제공합니다. CRM-01 리드관리와 분리된 회원 원장 관점의 조회 뷰입니다.
member_status_tabs,회원 상태 필터 탭,canonical,미등록 / 전체 / 활성 / 만료 / 예정 / 임박 / 홀딩 / 탈퇴,8,V1/D02-회원관리/회원관리.md,41,D02-회원관리 회원관리 > SCR-M001 회원 목록 > 2. UI 구성,"- 상태 필터 탭 (MBR-01-05): 전체 · 활성 · 만료 · 예정 · 임박 · 홀딩 · 미등록 · 탈퇴 총 8개 탭을 건수 배지와 함께 표시합니다. 전체는 집계 탭이고, 나머지 7개는 실제 회원 상태값입니다. 클릭 시 해당 상태의 회원만 표시되며, 임박은 자동 라벨의 만료임박과 이름은 비슷하지만 회원 상태 필터 값입니다. 정지는 실제 회원 상태값이 아니라 현재 상태 위에 적용되는 이용 제한 플래그입니다."
signup_paths,가입경로,canonical,지역카페 / 회원소개 / 블로그 / 인스타 / 현수막 / 전단지 / 간판 / 당근 / 기타,,V1/D02-회원관리/회원관리.md,43,D02-회원관리 회원관리 > SCR-M001 회원 목록 > 2. UI 구성,"- 검색 및 필터 바 (MBR-01-04): 이름·연락처·운동 ID 통합 검색, 계약상품·성별·최종만료일·최근방문일 필터를 제공합니다. 추가 필터로 관심회원만 보기, 미방문 기간, 회원구분, 문의 유형(방문(WI) / 전화문의(TI) / 체험 / 일일입장), 가입경로(간판 / 블로그 / 인스타 / 당근 / 지역카페 / 현수막 / 전단지 / 회원소개 / 기타), 만료 상품 숨기기, 출석 시 상세 팝업 기본값을 제어합니다."
generic::SCR-M001::MBR-01-07 회원 목록 테이블 (MBR-01-07),MBR-01-07 회원 목록 테이블 (MBR-01-07),generic,선택 체크박스 / No / 상태 / 회원명 / 성별 / 생년월일 / 나이 / 연락처 / 보유 이용권 / 소속 지점 / 마지막 방문일 / 등록일,,V1/D02-회원관리/회원관리.md,49,D02-회원관리 회원관리 > SCR-M001 회원 목록 > 2. UI 구성,- MBR-01-07 회원 목록 테이블 (MBR-01-07): 선택 체크박스 / No / 상태 배지 / 회원명 / 성별 / 생년월일 / 나이 / 연락처 / 보유 이용권 / 소속 지점 / 마지막 방문일 / 등록일 컬럼으로 구성합니다. 행 클릭 또는 OPEN 액션으로 상세 진입이 가능합니다.
signup_paths,가입경로,canonical,지역카페 / 회원소개 / 블로그 / 인스타 / 현수막 / 전단지 / 간판 / 당근 / 기타,,V1/D02-회원관리/회원관리.md,51,D02-회원관리 회원관리 > SCR-M001 회원 목록 > 2. UI 구성,"- 우측 상세 팝업 패널: 상단 토글이 켜져 있으면 회원 행 선택 시 우측 패널이 슬라이드 인 됩니다. 패널에는 프로필, 방문기록 유무, 출석 체크 / 상품 구매 / 메시지 / 더보기 액션, 기본 인적사항, 상담 담당자, 문의 유형(방문(WI) / 전화문의(TI) / 체험 / 일일입장), 가입경로(간판 / 블로그 / 인스타 / 당근 / 지역카페 / 현수막 / 전단지 / 회원소개 / 기타), 운동목적, 구독 플랜, 외부 연동 상태를 요약 표시합니다."
generic::SCR-M001::삭제·탈퇴 회원 보기 토글 (헤더) (MBR-01-12),삭제·탈퇴 회원 보기 토글 (헤더) (MBR-01-12),generic,활성화하면 삭제 / 탈퇴 처리된 회원이 별도 섹션,,V1/D02-회원관리/회원관리.md,57,D02-회원관리 회원관리 > SCR-M001 회원 목록 > 2. UI 구성,- 삭제·탈퇴 회원 보기 토글 (헤더) (MBR-01-12): 활성화하면 삭제 또는 탈퇴 처리된 회원이 별도 섹션 또는 별도 탭으로 표시됩니다. 토글 OFF 상태에서는 삭제·탈퇴 회원이 목록에서 숨겨집니다.
signup_paths,가입경로,canonical,지역카페 / 회원소개 / 블로그 / 인스타 / 현수막 / 전단지 / 간판 / 당근 / 기타,,V1/D02-회원관리/회원관리.md,165,D02-회원관리 회원관리 > SCR-M002 회원 등록 > 2. UI 구성,"- [Step 1] 관리 정보 (MBR-03-04): 소속지점 / 기본 이용지점 / 담당 상담자(FC) / 담당 트레이너 / 문의 유형(방문(WI) / 전화문의(TI) / 체험 / 일일입장) / 가입경로(간판 / 블로그 / 인스타 / 당근 / 지역카페 / 현수막 / 전단지 / 회원소개 / 기타) / 운동 목적 / 기본 매출 귀속 지점 / 기본 인센티브 귀속자 (모두 선택). 담당 상담자는 상담 성과 기준이며, 실제 결제 완료 시 판매 담당자/인센티브 귀속자는 결제 화면에서 다시 확인한다."
signup_paths,가입경로,canonical,지역카페 / 회원소개 / 블로그 / 인스타 / 현수막 / 전단지 / 간판 / 당근 / 기타,,V1/D02-회원관리/회원관리.md,286,D02-회원관리 회원관리 > SCR-M003 회원 수정 > 2. UI 구성,- [Step 1] 관리 정보: 소속지점 / 기본 이용지점 / 담당 상담자(FC) / 담당 트레이너 / 문의 유형(방문(WI) / 전화문의(TI) / 체험 / 일일입장) / 가입경로(간판 / 블로그 / 인스타 / 당근 / 지역카페 / 현수막 / 전단지 / 회원소개 / 기타) / 운동 목적 / 기본 매출 귀속 지점 / 기본 인센티브 귀속자
generic::SCR-M004::15개 탭,15개 탭,generic,회원정보 / 이용권 / 출석 이력 / 결제 이력 / 결제내역 / 예약내역 / 상세내역 / 체성분 / 상담 / 메모 / 레슨 / 신체정보 / 종합평가 / 상담이력 / 운동프로그램 / 운동이력,15,V1/D02-회원관리/회원관리.md,383,D02-회원관리 회원관리 > SCR-M004 회원 상세 > 2. UI 구성 (MBR-02-03),- 15개 탭: 회원정보 · 이용권 · 출석 이력 · 결제 이력 · 결제내역 · 예약내역 · 상세내역 · 체성분 · 상담·메모 · 레슨 · 신체정보 · 종합평가 · 상담이력 · 운동프로그램 · 운동이력
generic::SCR-M004::결제이력 / 결제내역 탭,결제이력 / 결제내역 탭,generic,현금 / 계좌이체 수납행 / 외부 POS / VAN 승인번호 / 이체확인번호 / 계좌이체 입금자명 / 현금영수증 처리 여부 / 영수증 파일 / 인보이스 버튼을 함께 표시,1,V1/D02-회원관리/회원관리.md,385,D02-회원관리 회원관리 > SCR-M004 회원 상세 > 2. UI 구성 (MBR-02-03),"- 결제이력 / 결제내역 탭: 한 번의 장바구니 결제는 CRM 내부 승인번호 1개를 기준으로 표시합니다. 같은 내부 승인번호 아래에 카드/현금/계좌이체 수납행, 외부 POS/VAN 승인번호 또는 이체확인번호, 계좌이체 입금자명, 현금영수증 처리 여부, 영수증 파일, 인보이스 버튼을 함께 표시합니다."
generic::SCR-M004::계약 정보 탭 카드 보드,계약 정보 탭 카드 보드,generic,이용권 / 락커 / 운동복 상품을,,V1/D02-회원관리/회원관리.md,389,D02-회원관리 회원관리 > SCR-M004 회원 상세 > 2. UI 구성 (MBR-02-03),"- 계약 정보 탭 카드 보드: 이용권/락커/운동복 상품을 카드형으로 노출합니다. 각 카드에는 계약 상태 배지(사용중/홀딩/계약 만료임박), 상품명, 기간, 판매 담당자, 계약일, 더보기 메뉴가 표시됩니다."
generic::SCR-M004::계약 내역 원장 테이블,계약 내역 원장 테이블,generic,하단에 계약일 / 유형 / 계약 / 계약금액 / 합계 / 결제금액 / 미납 / 할인내역 / 메모 / 메뉴,,V1/D02-회원관리/회원관리.md,393,D02-회원관리 회원관리 > SCR-M004 회원 상세 > 2. UI 구성 (MBR-02-03),- 계약 내역 원장 테이블: 하단에 계약일 / 유형 / 계약 / 계약금액 / 합계 / 결제금액 / 미납 / 할인내역 / 메모 / 메뉴 컬럼을 제공합니다. 카드 뷰와 원장 테이블은 동일 계약ID를 공유합니다.
member_actual_statuses,회원 실제 상태값,canonical,미등록 / 활성 / 만료 / 예정 / 임박 / 홀딩,,V1/D02-회원관리/회원관리.md,413,D02-회원관리 회원관리 > SCR-M004 회원 상세 > 4. 핵심 상태,"| 정지 플래그 | 실제 회원 상태값이 아니라 활성/만료/예정/임박/홀딩/미등록 상태 위에 적용되는 이용 제한 표시. 주황색 정지 사유 배너와 ""정지 해제"" 버튼은 이 플래그 기준으로 노출 |"
generic::SCR-M006::회원 요약 카드,회원 요약 카드,generic,선택한 회원의 이름 / 현재 이용권 / 상태를 한 줄,,V1/D02-회원관리/회원관리.md,571,D02-회원관리 회원관리 > SCR-M006 체성분 관리 > 2. UI 구성,- 회원 요약 카드: 선택한 회원의 이름·현재 이용권·상태를 한 줄로 표시. 클릭 시 회원 상세로 이동.
generic::SCR-M006::탭 (MBR-ADV-03-05),탭 (MBR-ADV-03-05),generic,측정 기록 / 추이 분석 두 가지 보기 전환,,V1/D02-회원관리/회원관리.md,573,D02-회원관리 회원관리 > SCR-M006 체성분 관리 > 2. UI 구성,"- 탭 (MBR-ADV-03-05): 측정 기록 / 추이 분석 두 가지 보기 전환. ""측정 추가"" 버튼은 탭 우측에 고정."
generic::SCR-M006::현재값 요약 카드 (4개) (MBR-ADV-03-01),현재값 요약 카드 (4개) (MBR-ADV-03-01),generic,현재 체중 / 골격근량 / 체지방률 / BMI를 최신 측정값,4,V1/D02-회원관리/회원관리.md,575,D02-회원관리 회원관리 > SCR-M006 체성분 관리 > 2. UI 구성,- 현재값 요약 카드 (4개) (MBR-ADV-03-01): 현재 체중 / 골격근량 / 체지방률 / BMI를 최신 측정값으로 표시. 이전 측정값 대비 변화량(증감 방향·색상)을 함께 표시.
generic::SCR-M008::MBR-EXT-02-01 가족 그룹 목록 (MBR-EXT-02-01),MBR-EXT-02-01 가족 그룹 목록 (MBR-EXT-02-01),generic,구성원 수 / 대표 회원 이름이 표시됩니다,,V1/D02-회원관리/회원관리.md,763,D02-회원관리 회원관리 > SCR-M008 가족 회원 > 2. UI 구성,"- MBR-EXT-02-01 가족 그룹 목록 (MBR-EXT-02-01): 등록된 가족 그룹을 카드 형태로 표시. 각 카드에는 그룹 이름(예: 김씨 가족)과 구성원 수, 대표 회원 이름이 표시됩니다."
generic::SCR-M010::MBR-EXT-04-01 세그먼트 목록 (MBR-EXT-04-01),MBR-EXT-04-01 세그먼트 목록 (MBR-EXT-04-01),generic,생성된 세그먼트를 / 설명 / 현재 해당 회원 수 / 생성일 / 마지막 업데이트 시각이 표시됩니다,,V1/D02-회원관리/회원관리.md,978,D02-회원관리 회원관리 > SCR-M010 세그먼트 관리 > 2. UI 구성,- MBR-EXT-04-01 세그먼트 목록 (MBR-EXT-04-01): 생성된 세그먼트를 카드 형태로 표시. 각 카드에는 세그먼트 이름·설명·현재 해당 회원 수·생성일·마지막 업데이트 시각이 표시됩니다.
member_auto_segments,자동 회원 세그먼트 7종,canonical,만료후미등록 / 이탈위험 / 만료임박 / 관심필요 / 신규 / 활발 / 충성,7,V1/D02-회원관리/회원관리.md,979,D02-회원관리 회원관리 > SCR-M010 세그먼트 관리 > 2. UI 구성,- 자동 7종 세그먼트 카드: 신규 / 이탈위험 / 만료임박 / 활발 / 관심필요 / 만료후미등록 / 충성의 현재 대상 수와 마지막 계산 시각을 표시합니다. 자동 7종은 시스템 정의이므로 조건·라벨명·삭제 버튼을 제공하지 않습니다.
signup_paths,가입경로,canonical,지역카페 / 회원소개 / 블로그 / 인스타 / 현수막 / 전단지 / 간판 / 당근 / 기타,,V1/D02-회원관리/회원관리.md,986,D02-회원관리 회원관리 > SCR-M010 세그먼트 관리 > 2. UI 구성,- 성별 / 연령대 / 회원구분 / 문의 유형(방문(WI) / 전화문의(TI) / 체험 / 일일입장) / 가입경로(간판 / 블로그 / 인스타 / 당근 / 지역카페 / 현수막 / 전단지 / 회원소개 / 기타)
generic::DLG-M014::결제 수단별 수납행,결제 수단별 수납행,generic,현금 / 계좌이체 등,,V1/D02-회원관리/회원관리.md,2050,D02-회원관리 회원관리 > DLG-M014 결제 상세 조회 > 2. UI 구성,"- 결제 수단별 수납행: 카드, 현금, 계좌이체 등. 각 행에는 금액, 매입사/카드사, 외부 POS/VAN 승인번호, 이체확인번호, 계좌이체 입금자명, 현금영수증 처리 여부, 영수증 파일을 표시합니다."
generic::SCR-S001::SAL-01-01 요약 지표 카드 (4개) (SAL-01-01),SAL-01-01 요약 지표 카드 (4개) (SAL-01-01),generic,순 매출 / 현금 결제 / 미수금을 상단에 크게 표시,4,V1/D03-매출관리/매출관리.md,31,D03-매출관리 매출관리 > SCR-S001 매출 현황 > 2. UI 구성 (SAL-01-05) (SAL-01-06) (SAL-01-11),- SAL-01-01 요약 지표 카드 (4개) (SAL-01-01): 순 매출 / 카드 결제 / 현금 결제 / 미수금을 상단에 크게 표시합니다.
generic::SCR-S001::운영 코크핏,운영 코크핏,generic,미수 추적 / 환불 검토 / 재등록 성,,V1/D03-매출관리/매출관리.md,33,D03-매출관리 매출관리 > SCR-S001 매출 현황 > 2. UI 구성 (SAL-01-05) (SAL-01-06) (SAL-01-11),- 운영 코크핏: 미수 추적 / 환불 검토 / 재등록 성과 / 고할인 거래를 우선순위 카드로 묶어 운영자가 지금 처리해야 할 매출 이슈를 first fold에서 확인합니다.
product_categories,상품 대분류,canonical,회원권 / 수강권 / 운동복 / 락커 / 일반,,V1/D03-매출관리/매출관리.md,39,D03-매출관리 매출관리 > SCR-S001 매출 현황 > 2. UI 구성 (SAL-01-05) (SAL-01-06) (SAL-01-11),"- 검색 및 필터 바 (SAL-01-03): 구매자 이름 또는 상품명 통합 검색, 상품 대분류(회원권·수강권·락커·운동복·일반) 필터, 상태(완료·환불·미납) 필터, 결제경로(POS·링크·수기) 필터, 날짜 범위 직접 지정."
generic::SCR-S001::SAL-01-08 하단 요약 바 (SAL-01-04),SAL-01-08 하단 요약 바 (SAL-01-04),generic,현재 / 순매출 / 현금 / 환불 / 미납금 / 할인 합계를 한 줄,,V1/D03-매출관리/매출관리.md,43,D03-매출관리 매출관리 > SCR-S001 매출 현황 > 2. UI 구성 (SAL-01-05) (SAL-01-06) (SAL-01-11),- SAL-01-08 하단 요약 바 (SAL-01-04): 현재 필터 기준의 총매출 / 순매출 / 현금 / 카드 / 환불 / 미납금 / 할인 합계를 한 줄로 표시합니다. (SAL-01-08)
generic::SCR-S001::매출 상세 모달 (SAL-01-07),매출 상세 모달 (SAL-01-07),generic,테이블 행을 클릭하면 결제일 / 상태 / 구매 정보 / 금액 정보 / 결제 내역 / 결제경로 / 링크 상태 / 메모를 담은 모달이 열립니다,,V1/D03-매출관리/매출관리.md,45,D03-매출관리 매출관리 > SCR-S001 매출 현황 > 2. UI 구성 (SAL-01-05) (SAL-01-06) (SAL-01-11),"- 매출 상세 모달 (SAL-01-07): 테이블 행을 클릭하면 결제일·상태·구매 정보·금액 정보·결제 내역·결제경로·링크 상태·카드 승인 정보·메모를 담은 모달이 열립니다. 모달 하단의 ""회원 상세 보기"" 버튼으로 해당 회원 페이지로 이동할 수 있습니다."
generic::SCR-S003::PAY-01-14 현장 결제 등록 정보 (PAY-01-03),PAY-01-14 현장 결제 등록 정보 (PAY-01-03),generic,결제수단별 수납 행을 / 현금 / 계좌이체 / 금액 / 외부 승인번호 / 이체확인번호 / 승인 / 입금시각 / 입금자명(계좌이체 필수 / 현금영수증 처리 여부 / 영수증 파일 / 메모를 입력 / 달라도 허용하며 / 직원이 확인한 실제 입금자명을 저장 / PDF 첨부를 기준으로,1,V1/D03-매출관리/매출관리.md,171,D03-매출관리 매출관리 > SCR-S003 결제 처리 > 2. UI 구성,"- PAY-01-14 현장 결제 등록 정보 (PAY-01-03): 결제수단별 수납 행을 1개 이상 입력합니다. 각 행에는 결제수단(카드/현금/계좌이체) / 금액 / 외부 승인번호 또는 이체확인번호 / 승인·입금시각 / 입금자명(계좌이체 필수) / 현금영수증 처리 여부 / 영수증 파일 / 메모를 입력합니다. 계좌이체 입금자명은 회원명과 달라도 허용하며, 직원이 확인한 실제 입금자명을 저장합니다. 영수증 파일은 필수이며 이미지/PDF 첨부를 기준으로 합니다. (PAY-01-07)"
generic::SCR-S004::최상위 탭 (3개) (SAL-03-01),최상위 탭 (3개) (SAL-03-01),generic,전체 통계 / 직군별 / 담당자별을 전환,3,V1/D03-매출관리/매출관리.md,240,D03-매출관리 매출관리 > SCR-S004 매출 통계 > 2. UI 구성,"- 최상위 탭 (3개) (SAL-03-01): 전체 통계 / 직군별 / 담당자별을 전환합니다. 담당자별 탭은 총매출, 신규 매출, 재등록 매출, 기타 매출, 판매 건수, 평균 단가를 함께 표시합니다."
generic::SCR-S004::날짜 필터 (전체 통계 탭) (SAL-03-02),날짜 필터 (전체 통계 탭) (SAL-03-02),generic,이번 달 / 지난 달 / 최근 3개월 / 최근 6개월 / 올해 프리셋 버튼 / 시작일~종료일 직접 입력 / 조회 버튼을 제공,3,V1/D03-매출관리/매출관리.md,242,D03-매출관리 매출관리 > SCR-S004 매출 통계 > 2. UI 구성,"- 날짜 필터 (전체 통계 탭) (SAL-03-02): 이번 달·지난 달·최근 3개월·최근 6개월·올해 프리셋 버튼과 시작일~종료일 직접 입력, 조회 버튼을 제공합니다."
generic::SCR-S004::하위 탭 (전체 통계 탭) (SAL-03-03),하위 탭 (전체 통계 탭) (SAL-03-03),generic,상품별 / 상품타입별 / 결제수단별 / 종목별 / 개월별 / GX종목별 / 법인권을 선택,,V1/D03-매출관리/매출관리.md,244,D03-매출관리 매출관리 > SCR-S004 매출 통계 > 2. UI 구성,- 하위 탭 (전체 통계 탭) (SAL-03-03): 상품별 / 상품타입별 / 결제수단별 / 종목별 / 개월별 / GX종목별 / 법인권을 선택합니다. 각 탭 선택에 따라 차트 유형이 달라집니다.
gx_subcategories,GX 세부종목,canonical,GX 기타 / 필라테스 / 스피닝 / 요가 / 줌바,5,V1/D03-매출관리/매출관리.md,252,D03-매출관리 매출관리 > SCR-S004 매출 통계 > 2. UI 구성,"- GX종목별: 상품 마스터 category=LESSON_PASS, lessonType=GX, subCategory 기준의 요가·필라테스·스피닝·줌바·GX 기타 5종 분포 차트"
class_session_types,강습 세션 유형,canonical,PT / GX / 골프 / 기타,5,V1/D03-매출관리/매출관리.md,256,D03-매출관리 매출관리 > SCR-S004 매출 통계 > 2. UI 구성,"- GX 세부종목 5종 분류 (SAL-03-08): 요가 / 필라테스 / 스피닝 / 줌바 / GX 기타. 이 5종은 상품 마스터의 category=LESSON_PASS, lessonType=GX, subCategory 기준으로 고정 집계하며, 강습 세션 유형(PT/GX/골프/기타)과 섞지 않습니다."
generic::SCR-S004::SAL-03-06 집계 테이블 (SAL-03-06),SAL-03-06 집계 테이블 (SAL-03-06),generic,분석 항목명 / 판매 건수 / 매출액 / 비율(%,,V1/D03-매출관리/매출관리.md,260,D03-매출관리 매출관리 > SCR-S004 매출 통계 > 2. UI 구성,"- SAL-03-06 집계 테이블 (SAL-03-06): 분석 항목명 / 판매 건수 / 매출액 / 비율(%) 컬럼으로 구성됩니다. 담당자별 탭에서는 신규 매출, 재등록 매출, 기타 매출, 평균 단가 컬럼이 추가됩니다."
generic::SCR-S005::필터 드롭다운 (4종) (SAL-05-02),필터 드롭다운 (4종) (SAL-05-02),generic,수업 유형 / 담당자 / 구분 / 회원 상태,4,V1/D03-매출관리/매출관리.md,352,D03-매출관리 매출관리 > SCR-S005 통계 관리 > 2. UI 구성,- 필터 드롭다운 (4종) (SAL-05-02): 수업 유형 / 담당자 / 구분 / 회원 상태 필터를 선택합니다. 각 드롭다운의 선택지는 기간·지점·계정 권한 범위에서 조회 가능한 데이터의 고유값으로 동적으로 생성됩니다.
class_types,수업 유형,canonical,PT / GX / 골프 / 기타,,V1/D03-매출관리/매출관리.md,354,D03-매출관리 매출관리 > SCR-S005 통계 관리 > 2. UI 구성,- 수업 유형: 전체 + PT / GX / 골프 / 기타 중 해당 데이터에 존재하는 값만 표시합니다.
generic::SCR-S005::구분,구분,generic,통계 테이블의 구분 / 재등록 / 휴면복귀 / 종목추가 / 업그레이드 / 기타 기준을 사용,,V1/D03-매출관리/매출관리.md,358,D03-매출관리 매출관리 > SCR-S005 통계 관리 > 2. UI 구성,- 구분: 전체 + 통계 테이블의 구분 컬럼에 존재하는 값을 표시합니다. 매출현황 탭은 신규 / 재등록 / 휴면복귀 / 종목추가 / 업그레이드 / 기타 기준을 사용합니다.
generic::SCR-S005::현황 탭 (4개) (SAL-05-03),현황 탭 (4개) (SAL-05-03),generic,수업현황 / 매출현황 / 예약현황 / 이용현황을,4,V1/D03-매출관리/매출관리.md,364,D03-매출관리 매출관리 > SCR-S005 통계 관리 > 2. UI 구성,- 현황 탭 (4개) (SAL-05-03): 수업현황 / 매출현황 / 예약현황 / 이용현황을 탭으로 전환합니다. 탭에 따라 동일한 데이터에서 해당 유형의 행만 걸러 보여줍니다.
generic::SCR-S005::통계 테이블 (SAL-05-04),통계 테이블 (SAL-05-04),generic,일자 / 담당자 / 회원명 / 성별 / 휴대폰 / 구분 / 판매금액 / 할인금액 / 받을금액(VAT 제외 순매출 / 현금 / 계좌이체 / 마일리지(포인트) 사용액 / 미수발생 / 미수입금 / 받은금액 / 비고,17,V1/D03-매출관리/매출관리.md,366,D03-매출관리 매출관리 > SCR-S005 통계 관리 > 2. UI 구성,"- 통계 테이블 (SAL-05-04): 일자 / 담당자 / 회원명 / 성별 / 휴대폰 / 구분 / 판매금액 / 할인금액 / 받을금액(VAT 제외 순매출) / 카드 / 현금 / 계좌이체 / 마일리지(포인트) 사용액 / 미수발생 / 미수입금 / 받은금액 / 비고, 총 17개 컬럼을 제공합니다."
generic::SCR-S005::VAT 제외 매출 매핑 (SAL-05-05),VAT 제외 매출 매핑 (SAL-05-05),generic,판매금액은 VAT 포함 총 판매금액 / 받을금액은 VAT 제외 순매출로 구분해 표시,,V1/D03-매출관리/매출관리.md,372,D03-매출관리 매출관리 > SCR-S005 통계 관리 > 2. UI 구성,"- VAT 제외 매출 매핑 (SAL-05-05): 판매금액은 VAT 포함 총 판매금액, 받을금액은 VAT 제외 순매출로 구분해 표시합니다. 레거시 [월매출] 자료의 순매출 산출값이 있으면 받을금액에 우선 매핑하고, 값이 없으면 VAT 포함 결제액에서 공급가액을 환산합니다. 이 항목은 판도 스프레드시트 산식 참조가 필요한 항목이며, 판도에서 [월매출]의 컬럼 정의와 산식 기준을 제공해야 자동 집계 기준으로 확정됩니다."
generic::SCR-S005::신규 버튼,신규 버튼,generic,신규 데이터를 등록하지 않고 모든 / 조회 결과를 초기화,,V1/D03-매출관리/매출관리.md,384,D03-매출관리 매출관리 > SCR-S005 통계 관리 > 2. UI 구성,"- 신규 버튼: 신규 데이터를 등록하지 않고 모든 필터와 조회 결과를 초기화합니다. 기간은 이번 달, 필터는 전체, 현황 탭은 기본 탭(수업현황), 테이블은 빈 상태로 되돌립니다."
generic::SCR-S006::요약 지표 카드 (4개) (SAL-04-01),요약 지표 카드 (4개) (SAL-04-01),generic,총 선수익금 / 인식 완료 금액 / 잔여 선수익금 / 이번 달 인식 예정 금액을 상단에 표시,4,V1/D03-매출관리/매출관리.md,479,D03-매출관리 매출관리 > SCR-S006 선수익금 조회 > 2. UI 구성 (SAL-04-04),- 요약 지표 카드 (4개) (SAL-04-01): 총 선수익금 / 인식 완료 금액 / 잔여 선수익금 / 이번 달 인식 예정 금액을 상단에 표시합니다.
generic::SCR-S006::SAL-04-03 선수익금 목록 테이블 (SAL-04-03),SAL-04-03 선수익금 목록 테이블 (SAL-04-03),generic,회원명 / 상품명 / 총액 / 인식 완료 / 잔여 / 시작일 / 종료일 / 진행률,8,V1/D03-매출관리/매출관리.md,483,D03-매출관리 매출관리 > SCR-S006 선수익금 조회 > 2. UI 구성 (SAL-04-04),"- SAL-04-03 선수익금 목록 테이블 (SAL-04-03): 회원명 / 상품명 / 총액 / 인식 완료 / 잔여 / 시작일 / 종료일 / 진행률, 총 8개 컬럼을 제공합니다."
generic::SCR-S007::요약 지표 카드 (4개) (PAY-02-01),요약 지표 카드 (4개) (PAY-02-01),generic,이번 달 환불 총액 / 환불 건수 / 평균 환불액 / 위약금 합계를 상단에 표시,4,V1/D03-매출관리/매출관리.md,577,D03-매출관리 매출관리 > SCR-S007 환불 관리 > 2. UI 구성 (PAY-02-08),- 요약 지표 카드 (4개) (PAY-02-01): 이번 달 환불 총액 / 환불 건수 / 평균 환불액 / 위약금 합계를 상단에 표시합니다.
generic::SCR-S007::PAY-02-04 환불 목록 테이블 (PAY-02-04),PAY-02-04 환불 목록 테이블 (PAY-02-04),generic,No / 환불일 / 회원명 / 상품명 / 환불금액 / 차감금 / 위약금 / 실환불액 / 환불방법 / 결제경로 / 원결제ID / 결제지점 / 이용지점 / 매출 귀속 지점 / 정산 지점 / 인센티브 귀속자 / 사유 / 처리자 / 상태,,V1/D03-매출관리/매출관리.md,583,D03-매출관리 매출관리 > SCR-S007 환불 관리 > 2. UI 구성 (PAY-02-08),- PAY-02-04 환불 목록 테이블 (PAY-02-04): No / 환불일 / 회원명 / 상품명 / 환불금액 / 차감금 / 위약금 / 실환불액 / 환불방법 / 결제경로 / 원결제ID / 결제지점 / 이용지점 / 매출 귀속 지점 / 정산 지점 / 인센티브 귀속자 / 사유 / 처리자 / 상태 컬럼을 제공합니다.
generic::SCR-S007::상태 배지,상태 배지,generic,완료(초록 / 처리중(노랑 / 거절(빨강) 색상으로 구분,,V1/D03-매출관리/매출관리.md,587,D03-매출관리 매출관리 > SCR-S007 환불 관리 > 2. UI 구성 (PAY-02-08),- 상태 배지: 완료(초록) / 처리중(노랑) / 거절(빨강) 색상으로 구분합니다.
generic::SCR-S007::원판매 담당자별 환불 책임 탭 (PAY-02-07),원판매 담당자별 환불 책임 탭 (PAY-02-07),generic,환불 처리자 / 별도로 원매출 판매 귀속 담당자별 환불 건수 / 환불 금액 / 위약금 합계 / 원매출 대비 환불률을 표시,,V1/D03-매출관리/매출관리.md,591,D03-매출관리 매출관리 > SCR-S007 환불 관리 > 2. UI 구성 (PAY-02-08),"- 원판매 담당자별 환불 책임 탭 (PAY-02-07): 환불 처리자와 별도로 원매출 판매 귀속 담당자별 환불 건수, 환불 금액, 위약금 합계, 원매출 대비 환불률을 표시합니다."
generic::SCR-S008::미수금 목록 테이블 (PAY-03-04),미수금 목록 테이블 (PAY-03-04),generic,No / 회원명 / 상품명 / 발생 유형 / 원결제ID / 미수금액 / 결제 기한 / 상태 / 메모 / 등록일 / 액션,,V1/D03-매출관리/매출관리.md,661,D03-매출관리 매출관리 > SCR-S008 미수금 관리 > 2. UI 구성 (PAY-03-01) (PAY-03-08),- 미수금 목록 테이블 (PAY-03-04): No / 회원명 / 상품명 / 발생 유형 / 원결제ID / 미수금액 / 결제 기한 / 상태 / 메모 / 등록일 / 액션 컬럼을 제공합니다.
generic::SCR-S008::상태 배지,상태 배지,generic,완료(초록 / 연체(빨강 / 일부결제(노랑 / 미결제(기본) 색상으로 구분,,V1/D03-매출관리/매출관리.md,663,D03-매출관리 매출관리 > SCR-S008 미수금 관리 > 2. UI 구성 (PAY-03-01) (PAY-03-08),- 상태 배지: 완료(초록) / 연체(빨강) / 일부결제(노랑) / 미결제(기본) 색상으로 구분합니다. (PAY-03-02)
generic::SCR-S008::액션 컬럼,액션 컬럼,generic,상태 변경 드롭다운 / 메모 편집 버튼을 제공,,V1/D03-매출관리/매출관리.md,665,D03-매출관리 매출관리 > SCR-S008 미수금 관리 > 2. UI 구성 (PAY-03-01) (PAY-03-08),"- 액션 컬럼: 상태 변경 드롭다운, 메모 편집 버튼을 제공합니다."
generic::SCR-S009::SAL-EXT-01-02 상태 탭 4개 (SAL-EXT-01-02),SAL-EXT-01-02 상태 탭 4개 (SAL-EXT-01-02),generic,진행중 / 완납 / 미납,4,V1/D03-매출관리/매출관리.md,746,D03-매출관리 매출관리 > SCR-S009 할부결제 관리 > 2. UI 구성 (SAL-EXT-01-08),"- SAL-EXT-01-02 상태 탭 4개 (SAL-EXT-01-02): 전체 / 진행중 / 완납 / 미납. 진행중·완납·미납은 서로 중복되지 않으며, 미납 회차가 1건 이상 있으면 미납 탭에 우선 분류합니다."
generic::SCR-S009::할부 계약 목록 테이블 (SAL-EXT-01-04),할부 계약 목록 테이블 (SAL-EXT-01-04),generic,회원명 / 상품명 / 계약 출처 / 선납금 / 총 할부 금액 / 납입 완료 금액 / 잔여 금액 / 총 회차 / 납입 회차 / 다음 납입일 / 상태,11,V1/D03-매출관리/매출관리.md,750,D03-매출관리 매출관리 > SCR-S009 할부결제 관리 > 2. UI 구성 (SAL-EXT-01-08),"- 할부 계약 목록 테이블 (SAL-EXT-01-04): 회원명 / 상품명 / 계약 출처 / 선납금 / 총 할부 금액 / 납입 완료 금액 / 잔여 금액 / 총 회차 / 납입 회차 / 다음 납입일 / 상태, 총 11개 컬럼을 제공합니다."
generic::SCR-S010::발행 탭 / 이력 탭,발행 탭 / 이력 탭,generic,발행 / 이력,,V1/D03-매출관리/매출관리.md,908,D03-매출관리 매출관리 > SCR-S010 세금계산서 발행 > 2. UI 구성 (SAL-EXT-02-08),"- 발행 탭 / 이력 탭: 발행 탭에서 세금계산서 발행을 처리하고, 이력 탭에서 기발행된 세금계산서 목록을 조회합니다."
generic::SCR-S010::SAL-EXT-02-03 발행 대상 조회 (SAL-EXT-02-03),SAL-EXT-02-03 발행 대상 조회 (SAL-EXT-02-03),generic,세금계산서 발행이 필요한 결제 건을 기간 / 상태,,V1/D03-매출관리/매출관리.md,910,D03-매출관리 매출관리 > SCR-S010 세금계산서 발행 > 2. UI 구성 (SAL-EXT-02-08),- SAL-EXT-02-03 발행 대상 조회 (SAL-EXT-02-03): 세금계산서 발행이 필요한 결제 건을 기간·상태 필터로 조회합니다.
generic::SCR-S010::SAL-EXT-02-06 발행 이력 테이블 (SAL-EXT-02-02),SAL-EXT-02-06 발행 이력 테이블 (SAL-EXT-02-02),generic,발행일 / 공급받는 자 / 공급가액 / 부가세 / 합계 / 상태 / 액션,7,V1/D03-매출관리/매출관리.md,914,D03-매출관리 매출관리 > SCR-S010 세금계산서 발행 > 2. UI 구성 (SAL-EXT-02-08),"- SAL-EXT-02-06 발행 이력 테이블 (SAL-EXT-02-02): 발행일 / 공급받는 자 / 공급가액 / 부가세 / 합계 / 상태 / 액션, 총 7개 컬럼을 제공합니다. 상태 배지로 발행 완료·전송 완료·오류·취소 발행을 구분합니다. (SAL-EXT-02-06)"
generic::SCR-S011::요약 지표 카드 (4개),요약 지표 카드 (4개),generic,이번 달 예측 매출 / 목표 달성률 / 전월 대비 증감 / 이번 분기 누적 매출을 상단에 표시,4,V1/D03-매출관리/매출관리.md,1035,D03-매출관리 매출관리 > SCR-S011 매출 예측 > 2. UI 구성,- 요약 지표 카드 (4개): 이번 달 예측 매출 / 목표 달성률 / 전월 대비 증감 / 이번 분기 누적 매출을 상단에 표시합니다.
class_types,수업 유형,canonical,PT / GX / 골프 / 기타,4,V1/D04-수업관리/수업관리.md,21,D04-수업관리 수업관리 > 도메인 개요,- 수업 유형은 PT / GX / 골프 / 기타 4종으로 고정합니다.
gx_subcategories,GX 세부종목,canonical,GX 기타 / 필라테스 / 스피닝 / 요가 / 줌바,5,V1/D04-수업관리/수업관리.md,23,D04-수업관리 수업관리 > 도메인 개요,"- GX 세부종목은 요가 / 필라테스 / 스피닝 / 줌바 / GX 기타 5종으로 고정하며, 상품/매출 분류 축입니다. 수업 유형 또는 강습 세션 유형으로 사용하지 않습니다."
generic::SCR-C001::CLS-01-01 뷰 전환 탭 (CLS-01-01),CLS-01-01 뷰 전환 탭 (CLS-01-01),generic,월 / 주 / 일 / 목록(list) 뷰 전환 버튼,,V1/D04-수업관리/수업관리.md,38,D04-수업관리 수업관리 > SCR-C001 수업 캘린더 > 2. UI 구성,- CLS-01-01 뷰 전환 탭 (CLS-01-01): 월·주·일·목록(list) 뷰 전환 버튼. 뷰에 따라 캘린더 표시 밀도가 달라짐
generic::SCR-C001::CLS-01-08 탭 내비게이션 (CLS-01-08),CLS-01-08 탭 내비게이션 (CLS-01-08),generic,일정표 / 수업 관리 / 횟수 관리 / 페널티 관리(건수 / 유효 수업 목록 —,,V1/D04-수업관리/수업관리.md,40,D04-수업관리 수업관리 > SCR-C001 수업 캘린더 > 2. UI 구성,- CLS-01-08 탭 내비게이션 (CLS-01-08): 일정표 / 수업 관리 / 횟수 관리 / 페널티 관리(건수 배지) / 유효 수업 목록 — 탭 클릭 시 각 전용 화면으로 이동
generic::SCR-C001::정원 상태 필터,정원 상태 필터,generic,여유 / 마감 버튼 토글,,V1/D04-수업관리/수업관리.md,48,D04-수업관리 수업관리 > SCR-C001 수업 캘린더 > 2. UI 구성,- 정원 상태 필터: 전체 / 여유 / 마감 버튼 토글
class_session_types,강습 세션 유형,canonical,PT / GX / 골프 / 기타,,V1/D04-수업관리/수업관리.md,52,D04-수업관리 수업관리 > SCR-C001 수업 캘린더 > 2. UI 구성,- 강습 세션 유형 필터: PT / GX / 골프 / 기타 복수 선택 가능
generic::SCR-C001::CLS-01-05 색상 범례 (CLS-01-05),CLS-01-05 색상 범례 (CLS-01-05),generic,강사별 색상 / 수업 유형별 색상 / 강습 세션 유형별 색상 / 일정 분류별 색상을 화면 하단에 표시,,V1/D04-수업관리/수업관리.md,54,D04-수업관리 수업관리 > SCR-C001 수업 캘린더 > 2. UI 구성,"- CLS-01-05 색상 범례 (CLS-01-05): 강사별 색상, 수업 유형별 색상, 강습 세션 유형별 색상, 일정 분류별 색상을 화면 하단에 표시"
generic::SCR-C001::CLS-01-04 우측 패널 (CLS-01-04),CLS-01-04 우측 패널 (CLS-01-04),generic,선택한 날짜의 수업 목록을 / 강사 / 시간 / 예약 현황 / 정원 바 포함,,V1/D04-수업관리/수업관리.md,56,D04-수업관리 수업관리 > SCR-C001 수업 캘린더 > 2. UI 구성,- CLS-01-04 우측 패널 (CLS-01-04): 선택한 날짜의 수업 목록을 카드 형태로 표시. 수업명·강사·시간·예약 현황·정원 바 포함
class_session_types,강습 세션 유형,canonical,PT / GX / 골프 / 기타,,V1/D04-수업관리/수업관리.md,141,D04-수업관리 수업관리 > SCR-C002 수업 관리 > 2. UI 구성,"- CLS-02-01 필터 바 (CLS-02-01): 강사 드롭다운, 장소 드롭다운, 강습 세션 유형(PT/GX/골프/기타)으로 목록 좁히기"
generic::SCR-C002::CLS-02-02 상태 필터 버튼 (CLS-02-02),CLS-02-02 상태 필터 버튼 (CLS-02-02),generic,예정 / 진행중 / 완료 / 취소 버튼 토글로 수업 상태별 분류,,V1/D04-수업관리/수업관리.md,143,D04-수업관리 수업관리 > SCR-C002 수업 관리 > 2. UI 구성,- CLS-02-02 상태 필터 버튼 (CLS-02-02): 전체 / 예정 / 진행중 / 완료 / 취소 버튼 토글로 수업 상태별 분류
class_session_types,강습 세션 유형,canonical,PT / GX / 골프 / 기타,,V1/D04-수업관리/수업관리.md,145,D04-수업관리 수업관리 > SCR-C002 수업 관리 > 2. UI 구성,"- CLS-02-03 수업 목록 테이블 (CLS-02-03): 수업명, 유형(PT/GX/골프/기타), 강습 세션 유형(PT/GX/골프/기타), 강사, 장소, 날짜·시간, 예약 현황(현재/정원), 상태 배지"
generic::SCR-C002::출석 현황 컬럼,출석 현황 컬럼,generic,수업별 출석자 수 / 노쇼 수 한눈에 확인,,V1/D04-수업관리/수업관리.md,149,D04-수업관리 수업관리 > SCR-C002 수업 관리 > 2. UI 구성,- 출석 현황 컬럼: 수업별 출석자 수 / 노쇼 수 한눈에 확인
generic::SCR-C003::수업 선택 (CLS-03-04),수업 선택 (CLS-03-04),generic,등록된 수업 템플릿 드롭다운 (수업명 / 유형 / 정원 자동 연동,,V1/D04-수업관리/수업관리.md,242,D04-수업관리 수업관리 > SCR-C003 시간표 일괄 등록 > 2. UI 구성,"- 수업 선택 (CLS-03-04): 등록된 수업 템플릿 드롭다운 (수업명, 유형, 정원 자동 연동)"
generic::SCR-C004::CLS-04-01 템플릿 목록 (CLS-04-01),CLS-04-01 템플릿 목록 (CLS-04-01),generic,수업명 / 유형(GX / 기구필라테스 등 / 정원 / 기본 장소 / 활성 여부를 / 테이블,,V1/D04-수업관리/수업관리.md,328,D04-수업관리 수업관리 > SCR-C004 그룹 수업 템플릿 > 2. UI 구성,"- CLS-04-01 템플릿 목록 (CLS-04-01): 수업명, 유형(GX/기구필라테스 등), 정원, 기본 장소, 활성 여부를 카드 또는 테이블로 표시"
class_types,수업 유형,canonical,PT / GX / 골프 / 기타,,V1/D04-수업관리/수업관리.md,417,D04-수업관리 수업관리 > SCR-C005 그룹 수업 현황 > 2. UI 구성,- CLS-05-02 수업 유형 필터 (CLS-05-02): 전체·PT·GX·골프·기타 유형별 필터
class_types,수업 유형,canonical,PT / GX / 골프 / 기타,,V1/D04-수업관리/수업관리.md,515,D04-수업관리 수업관리 > SCR-C006 강사 근무 현황 > 2. UI 구성,- 수업 유형별 분포 (PT/GX/골프/기타)
class_session_types,강습 세션 유형,canonical,PT / GX / 골프 / 기타,,V1/D04-수업관리/수업관리.md,517,D04-수업관리 수업관리 > SCR-C006 강사 근무 현황 > 2. UI 구성,- 강습 세션 유형별 분포 (PT/GX/골프/기타)
generic::SCR-C008::CLS-08-01 탭 구조 (CLS-08-01),CLS-08-01 탭 구조 (CLS-08-01),generic,페널티 현황 / 정책 설정 두,,V1/D04-수업관리/수업관리.md,690,D04-수업관리 수업관리 > SCR-C008 페널티 관리 > 2. UI 구성,- CLS-08-01 탭 구조 (CLS-08-01): 페널티 현황 / 정책 설정 두 탭으로 구성
generic::SCR-C009::요청 유형 필터,요청 유형 필터,generic,변경 요청 / 취소 요청,,V1/D04-수업관리/수업관리.md,780,D04-수업관리 수업관리 > SCR-C009 일정 요청 처리 > 2. UI 구성,- 요청 유형 필터: 전체 / 변경 요청 / 취소 요청
generic::SCR-C009::처리 상태 필터 (CLS-09-02),처리 상태 필터 (CLS-09-02),generic,대기 / 처리 완료,,V1/D04-수업관리/수업관리.md,781,D04-수업관리 수업관리 > SCR-C009 일정 요청 처리 > 2. UI 구성,- 처리 상태 필터 (CLS-09-02): 전체 / 대기 / 처리 완료
generic::SCR-C009::미처리 건수 배지,미처리 건수 배지,generic,화면 상단에 처리 상태가 대기 / 응답대기인 요청 수를 표시,,V1/D04-수업관리/수업관리.md,785,D04-수업관리 수업관리 > SCR-C009 일정 요청 처리 > 2. UI 구성,"- 미처리 건수 배지: 화면 상단에 처리 상태가 대기, 응답대기인 요청 수를 표시합니다. 24시간을 초과한 미처리 요청은 별도 SLA 초과 배지로 함께 표시합니다."
class_session_types,강습 세션 유형,canonical,PT / GX / 골프 / 기타,,V1/D04-수업관리/수업관리.md,895,D04-수업관리 수업관리 > SCR-C011 유효 수업 목록 > 2. UI 구성,"- 수업명, 수업 유형(PT/GX/골프/기타), 강습 세션 유형(PT/GX/골프/기타), 강사명"
generic::SCR-C012::자동 배정 정책 상태 (CLS-12-03),자동 배정 정책 상태 (CLS-12-03),generic,D10 SCR-H1001 대기열 자동 알림 / 배정 정책 ON / OFF를 읽기 전용,,V1/D04-수업관리/수업관리.md,1002,D04-수업관리 수업관리 > SCR-C012 대기열 관리 > 2. UI 구성,- 자동 배정 정책 상태 (CLS-12-03): D10 SCR-H1001 대기열 자동 알림/배정 정책 ON/OFF를 읽기 전용 배지로 표시합니다. 본 화면에서는 토글을 변경하지 않습니다.
class_types,수업 유형,canonical,PT / GX / 골프 / 기타,,V1/D04-수업관리/수업관리.md,1083,D04-수업관리 수업관리 > SCR-C013 수업 평가 피드백 > 2. UI 구성,- 수업 유형 필터 (CLS-13-01): PT / GX / 골프 / 기타
generic::SCR-C013::CLS-13-02 평점 요약 카드 (CLS-13-02),CLS-13-02 평점 요약 카드 (CLS-13-02),generic,전체 평균 평점 / 강사별 평균 평점 랭킹,,V1/D04-수업관리/수업관리.md,1085,D04-수업관리 수업관리 > SCR-C013 수업 평가 피드백 > 2. UI 구성,"- CLS-13-02 평점 요약 카드 (CLS-13-02): 전체 평균 평점, 강사별 평균 평점 랭킹"
generic::SCR-C016::RSV-01-01 요약 카드 (RSV-01-01),RSV-01-01 요약 카드 (RSV-01-01),generic,전체 예약 / 예약완료 / 출석완료 / 취소 / 노쇼 / 대기 건수,,V1/D04-수업관리/수업관리.md,1289,D04-수업관리 수업관리 > SCR-C016 예약 목록 > 2. UI 구성,"- RSV-01-01 요약 카드 (RSV-01-01): 전체 예약, 예약완료, 출석완료, 취소·노쇼, 대기 건수"
generic::DLG-C001::수업 선택,수업 선택,generic,등록된 수업 템플릿 드롭다운 (수업명 / 유형 / 정원 자동 완성,,V1/D04-수업관리/수업관리.md,1416,D04-수업관리 수업관리 > DLG-C001 수업 등록/수정 (캘린더) > 2. UI 구성,"- 수업 선택: 등록된 수업 템플릿 드롭다운 (수업명, 유형, 정원 자동 완성)"
generic::DLG-C001::대상 유형,대상 유형,generic,회원 / 비회원 / 직원 선택 (비회원 선택 시 이름 / 연락처 직접 입력,,V1/D04-수업관리/수업관리.md,1420,D04-수업관리 수업관리 > DLG-C001 수업 등록/수정 (캘린더) > 2. UI 구성,- 대상 유형: 회원 / 비회원 / 직원 선택 (비회원 선택 시 이름·연락처 직접 입력)
generic::DLG-C002::수업명 및 유형 배지,수업명 및 유형 배지,generic,수업명 / PT / GX / 골프 / 기타 유형 색상,,V1/D04-수업관리/수업관리.md,1517,D04-수업관리 수업관리 > DLG-C002 일정 상세 > 2. UI 구성,"- 수업명 및 유형 배지: 수업명, PT/GX/골프/기타 유형 색상 배지"
generic::DLG-C003::수업 템플릿 선택,수업 템플릿 선택,generic,드롭다운으로 기존 수업 선택 (수업명 / 유형 / 정원 자동 완성,,V1/D04-수업관리/수업관리.md,1617,D04-수업관리 수업관리 > DLG-C003 수업 등록/수정 (관리) > 2. UI 구성,- 수업 템플릿 선택: 드롭다운으로 기존 수업 선택 (수업명·유형·정원 자동 완성)
class_types,수업 유형,canonical,PT / GX / 골프 / 기타,,V1/D04-수업관리/수업관리.md,1621,D04-수업관리 수업관리 > DLG-C003 수업 등록/수정 (관리) > 2. UI 구성,- 수업 유형: PT / GX / 골프 / 기타 선택
class_session_types,강습 세션 유형,canonical,PT / GX / 골프 / 기타,,V1/D04-수업관리/수업관리.md,1623,D04-수업관리 수업관리 > DLG-C003 수업 등록/수정 (관리) > 2. UI 구성,- 강습 세션 유형: PT / GX / 골프 / 기타 선택. 강습세션수 KPI 집계 대상 수업일 때 필수
generic::DLG-C005::수업 기본 정보,수업 기본 정보,generic,수업명 / 일시 / 강사명 / 장소 / 수업 유형 / 강습 세션 유형,,V1/D04-수업관리/수업관리.md,1806,D04-수업관리 수업관리 > DLG-C005 수업 기록 상세 > 2. UI 구성,"- 수업 기본 정보: 수업명, 일시, 강사명, 장소, 수업 유형, 강습 세션 유형"
class_types,수업 유형,canonical,PT / GX / 골프 / 기타,,V1/D04-수업관리/수업관리.md,2174,D04-수업관리 수업관리 > DLG-C009 템플릿 등록/수정 > 2. UI 구성,- 수업 유형: PT / GX / 골프 / 기타 선택
class_session_types,강습 세션 유형,canonical,PT / GX / 골프 / 기타,,V1/D04-수업관리/수업관리.md,2283,D04-수업관리 수업관리 > DLG-C010 강사 상세 > 2. UI 구성,- 강습 세션 유형별 분포 (PT / GX / 골프 / 기타)
generic::DLG-C012::조정 유형 선택,조정 유형 선택,generic,추가 / 차감 라디오 버튼,,V1/D04-수업관리/수업관리.md,2481,D04-수업관리 수업관리 > DLG-C012 횟수 조정 > 2. UI 구성,- 조정 유형 선택: 추가 / 차감 라디오 버튼
class_types,수업 유형,canonical,PT / GX / 골프 / 기타,4,V1/D04-수업관리/운영정책.md,33,D04-수업관리 수업관리 — 운영정책 > 1. 핵심 원칙,- 수업 유형은 PT / GX / 골프 / 기타 4종으로 고정한다.
class_session_types,강습 세션 유형,canonical,PT / GX / 골프 / 기타,4,V1/D04-수업관리/운영정책.md,35,D04-수업관리 수업관리 — 운영정책 > 1. 핵심 원칙,"- 강습 세션 유형은 PT / GX / 골프 / 기타 4종으로 고정하며, 기본값은 수업 유형과 동일하게 설정한다. 이 값은 강습세션수 KPI의 월간·주차별 집계 축으로 사용한다."
gx_subcategories,GX 세부종목,canonical,GX 기타 / 필라테스 / 스피닝 / 요가 / 줌바,5,V1/D04-수업관리/운영정책.md,37,D04-수업관리 수업관리 — 운영정책 > 1. 핵심 원칙,"- GX 세부종목은 요가 / 필라테스 / 스피닝 / 줌바 / GX 기타 5종으로 고정하며, 상품/매출 분류 축이고 수업 유형·강습 세션 유형과 섞지 않는다."
product_categories,상품 대분류,canonical,회원권 / 수강권 / 운동복 / 락커 / 일반,,V1/D05-상품관리/상품관리.md,52,D05-상품관리 상품관리 > SCR-P001 상품 관리 > 3단계 필터,| 1단계 | 상품 대분류 탭 | 전체 / 회원권 / 수강권 / 락커 / 운동복 / 일반 |
product_categories,상품 대분류,canonical,운동복 / 회원권 / 수강권 / 락커 / 일반,,V1/D05-상품관리/상품관리.md,65,D05-상품관리 상품관리 > SCR-P001 상품 관리 > 상품 마스터 분류 모델,"| 1단계 | 상품 대분류 category | MEMBERSHIP(회원권) / LESSON_PASS(수강권) / LOCKER(락커) / WEAR(운동복 대여비, 재고 수량 차감 없음) / GENERAL(일반) |"
generic::SCR-P001::4. 분류 관리,4. 분류 관리,generic,수정 / 삭제,,V1/D05-상품관리/상품관리.md,117,D05-상품관리 상품관리 > SCR-P001 상품 관리 > 3. 액션 / 흐름,"4. 분류 관리: ""분류 관리"" 탭 클릭 -> 상품 분류 등록/수정/삭제"
generic::SCR-P003::> 유형,> 유형,generic,화면 / 우측 패널,,V1/D05-상품관리/상품관리.md,304,D05-상품관리 상품관리 > SCR-P003 상품 상세/수정 패널,> 유형: 화면/우측 패널
generic::DLG-P001-상품등록모달::> 유형,> 유형,generic,다이얼로그 / 우측 패널,,V1/D05-상품관리/상품관리.md,568,D05-상품관리 상품관리 > DLG-P001-상품등록모달 상품 등록 모달,> 유형: 다이얼로그/우측 패널
generic::SCR-050::현황 요약 카드 (FAC-01-01),현황 요약 카드 (FAC-01-01),generic,전체 락커 수 / 사용중 수 / 만료 임박 수 / 고장 수,4,V1/D06-시설관리/시설관리.md,28,D06-시설관리 시설관리 > SCR-050 락커 관리 > 2. UI 구성 (FAC-01-09) (FAC-02-02),"- 현황 요약 카드 (FAC-01-01): 전체 락커 수, 사용중 수, 만료 임박 수, 고장 수 총 4개 카드로 화면 상단에 표시합니다. (FAC-02-01)"
generic::SCR-050::자동 회수 정책 상태 배지 (FAC-01-06),자동 회수 정책 상태 배지 (FAC-01-06),generic,자동 회수 / 이용권 만료 이벤트 자동 회수의 ON / OFF 상태를 읽기 전용,,V1/D06-시설관리/시설관리.md,29,D06-시설관리 시설관리 > SCR-050 락커 관리 > 2. UI 구성 (FAC-01-09) (FAC-02-02),"- 자동 회수 정책 상태 배지 (FAC-01-06): D09 SCR-080A 지점 자동화 적용에서 현재 적용 중인 만료 경과 자동 회수, 이용권 만료 이벤트 자동 회수의 ON/OFF 상태를 읽기 전용으로 표시합니다."
generic::SCR-050::구역 탭 (FAC-01-02),구역 탭 (FAC-01-02),generic,A구역 / B구역 / C구역으로,,V1/D06-시설관리/시설관리.md,30,D06-시설관리 시설관리 > SCR-050 락커 관리 > 2. UI 구성 (FAC-01-09) (FAC-02-02),- 구역 탭 (FAC-01-02): A구역 · B구역 · C구역으로 탭을 분리하여 원하는 구역에 집중해서 볼 수 있습니다.
generic::SCR-050::상태 필터 칩,상태 필터 칩,generic,사용중 / 미배정 / 만료 임박 / 고장,,V1/D06-시설관리/시설관리.md,32,D06-시설관리 시설관리 > SCR-050 락커 관리 > 2. UI 구성 (FAC-01-09) (FAC-02-02),- 상태 필터 칩: 전체 / 사용중 / 미배정 / 만료 임박 / 고장 필터를 칩 형태로 제공하고 각 상태 건수를 함께 표시합니다.
generic::SCR-050::리스트 뷰 테이블,리스트 뷰 테이블,generic,락커 번호 / 구역 / 상태 / 배정 회원 / 상품명 / 시작일 / 만료일 / 남은 일수 / 비고 / 액션,,V1/D06-시설관리/시설관리.md,37,D06-시설관리 시설관리 > SCR-050 락커 관리 > 2. UI 구성 (FAC-01-09) (FAC-02-02),- 리스트 뷰 테이블: 락커 번호 / 구역 / 상태 / 배정 회원 / 상품명 / 시작일 / 만료일 / 남은 일수 / 비고 / 액션 컬럼을 제공합니다.
generic::SCR-051::현황 요약 카드 (FAC-03-01),현황 요약 카드 (FAC-03-01),generic,총 사물함 수 / 사용 가능 수 / 사용중 수 / 시간 초 / 수 / 상태 비정상 수를,5,V1/D06-시설관리/시설관리.md,93,D06-시설관리 시설관리 > SCR-051 사물함 배정 관리 > 2. UI 구성 (FAC-03-03),- 현황 요약 카드 (FAC-03-01): 총 사물함 수 / 사용 가능 수 / 사용중 수 / 시간 초과 수 / 상태 비정상 수를 5개 카드로 표시합니다.
generic::SCR-051::자동 회수 정책 상태 배지 (FAC-03-05),자동 회수 정책 상태 배지 (FAC-03-05),generic,실제 일괄 회수 ON / OFF 상태를 읽기 전용,0,V1/D06-시설관리/시설관리.md,94,D06-시설관리 시설관리 > SCR-051 사물함 배정 관리 > 2. UI 구성 (FAC-03-03),- 자동 회수 정책 상태 배지 (FAC-03-05): D09 SCR-080A 지점 자동화 적용의 일일 사물함 22:00 상태 갱신(고정 ON)과 실제 일괄 회수 ON/OFF 상태를 읽기 전용으로 표시합니다.
generic::SCR-051::사물함 유형 탭,사물함 유형 탭,generic,일일 사물함 / 개인 사물함 / 골프 사물함으로,,V1/D06-시설관리/시설관리.md,95,D06-시설관리 시설관리 > SCR-051 사물함 배정 관리 > 2. UI 구성 (FAC-03-03),- 사물함 유형 탭: 일일 사물함 · 개인 사물함 · 골프 사물함으로 탭을 분리합니다. 각 탭에 현재 사물함 수를 표시합니다.
generic::SCR-052::현황 요약 카드 (FAC-04-01),현황 요약 카드 (FAC-04-01),generic,활성 사용중 수 / 미사용 / 해제 / 분실 합계 수,3,V1/D06-시설관리/시설관리.md,183,D06-시설관리 시설관리 > SCR-052 밴드/카드 관리 > 2. UI 구성 (FAC-04-05),"- 현황 요약 카드 (FAC-04-01): 전체 카드 수, 활성 사용중 수, 미사용 및 해제 및 분실 합계 수 총 3개 카드로 표시합니다."
generic::SCR-052::검색 및 상태 필터 (FAC-04-03),검색 및 상태 필터 (FAC-04-03),generic,회원명으로 검색하고 / 상태(활성 / 분실 / 해제)로,,V1/D06-시설관리/시설관리.md,184,D06-시설관리 시설관리 > SCR-052 밴드/카드 관리 > 2. UI 구성 (FAC-04-05),"- 검색 및 상태 필터 (FAC-04-03): 카드 번호 또는 회원명으로 검색하고, 상태(활성/분실/해제)로 필터링합니다."
generic::SCR-052::카드 목록 테이블 (FAC-04-04),카드 목록 테이블 (FAC-04-04),generic,등록된 모든 RFID / 밴드의 목록을 표시,,V1/D06-시설관리/시설관리.md,185,D06-시설관리 시설관리 > SCR-052 밴드/카드 관리 > 2. UI 구성 (FAC-04-05),- 카드 목록 테이블 (FAC-04-04): 등록된 모든 RFID 카드·밴드의 목록을 표시합니다.
generic::SCR-052::표시 항목,표시 항목,generic,순번 / 등록일 / 연결 회원명 / 연락처 / 사용자 유형(회원 / 직원 / 상태 / 배정일 / 연결 사물함,,V1/D06-시설관리/시설관리.md,186,D06-시설관리 시설관리 > SCR-052 밴드/카드 관리 > 2. UI 구성 (FAC-04-05),- 표시 항목: 순번 / 등록일 / 카드 번호 / 연결 회원명 / 연락처 / 사용자 유형(회원·직원) / 상태 / 배정일 / 연결 사물함
generic::SCR-052::신규 등록 버튼 (FAC-04-06),신규 등록 버튼 (FAC-04-06),generic,RFID / 밴드를 새로 등록,,V1/D06-시설관리/시설관리.md,189,D06-시설관리 시설관리 > SCR-052 밴드/카드 관리 > 2. UI 구성 (FAC-04-05),- 신규 등록 버튼 (FAC-04-06): RFID 카드·밴드를 새로 등록합니다.
generic::SCR-053::현황 요약 카드 (FAC-05-01),현황 요약 카드 (FAC-05-01),generic,전체 룸 수 / 운영중 수 / 점검 / 고장 / 미사용 합계 수 / GX / PT 룸 구성 수,4,V1/D06-시설관리/시설관리.md,270,D06-시설관리 시설관리 > SCR-053 운동룸 관리 > 2. UI 구성 (FAC-05-02) (FAC-05-03) (FAC-05-05) (FAC-05-07) (FAC-05-09),"- 현황 요약 카드 (FAC-05-01): 전체 룸 수, 운영중 수, 점검 및 고장 및 미사용 합계 수, GX 및 PT 룸 구성 수 총 4개 카드로 표시합니다."
generic::SCR-053::유형 필터,유형 필터,generic,GX / PT / 스피닝 / 필라테스 / 기타로,,V1/D06-시설관리/시설관리.md,272,D06-시설관리 시설관리 > SCR-053 운동룸 관리 > 2. UI 구성 (FAC-05-02) (FAC-05-03) (FAC-05-05) (FAC-05-07) (FAC-05-09),- 유형 필터: 전체 · GX · PT · 스피닝 · 필라테스 · 기타로 필터링합니다.
generic::SCR-053::카드 내용,카드 내용,generic,룸명 / 유형 / 수용 인원 / 게이트 / 운영 상태 / 룸 설명 / 오늘 시간대별 예약 현황 슬롯 바 / 수정 / 삭제 버튼,,V1/D06-시설관리/시설관리.md,274,D06-시설관리 시설관리 > SCR-053 운동룸 관리 > 2. UI 구성 (FAC-05-02) (FAC-05-03) (FAC-05-05) (FAC-05-07) (FAC-05-09),- 카드 내용: 룸명 / 유형 배지 / 수용 인원 / 게이트 / 운영 상태 배지 / 룸 설명 / 오늘 시간대별 예약 현황 슬롯 바 / 수정·삭제 버튼.
generic::SCR-053::3. 룸 등록,3. 룸 등록,generic,유형 / 수용 인원,,V1/D06-시설관리/시설관리.md,283,D06-시설관리 시설관리 > SCR-053 운동룸 관리 > 3. 액션 / 흐름,3. 룸 등록: [새 운동룸 등록] 클릭 -> 룸명·유형·수용 인원·설명 입력 -> 저장.
generic::SCR-054::현황 요약 카드,현황 요약 카드,generic,전체 타석 수 / 사용중 / 대기(빈 타석 / 예약 / 대기열 인원을,5,V1/D06-시설관리/시설관리.md,354,D06-시설관리 시설관리 > SCR-054 골프 타석 관리 > 2. UI 구성,- 현황 요약 카드: 전체 타석 수 / 사용중 / 대기(빈 타석) / 예약 / 대기열 인원을 5개 카드로 표시합니다.
generic::SCR-054::각 카드 내용,각 카드 내용,generic,타석 번호 / 상태 / 이용 회원명 / 담당 프로명 / 남은 시간 카운트다운 / 프로젝터 on / off 토글 / 시작 / 종료 / 이동 / 점검 버튼,,V1/D06-시설관리/시설관리.md,365,D06-시설관리 시설관리 > SCR-054 골프 타석 관리 > 2. UI 구성,- 각 카드 내용: 타석 번호 / 상태 배지 / 이용 회원명 / 담당 프로명 / 남은 시간 카운트다운 / 프로젝터 on/off 토글 / 시작·종료·이동·점검 버튼.
generic::DLG-052-001::사용자 유형 선택,사용자 유형 선택,generic,회원 / 직원 중 하나를 선택,,V1/D06-시설관리/시설관리.md,795,D06-시설관리 시설관리 > DLG-052-001 RFID 등록/수정 > 2. UI 구성,- 사용자 유형 선택: 회원 / 직원 중 하나를 선택합니다.
generic::DLG-052-002::이력 테이블,이력 테이블,generic,등록일 / 회원명 / 상태를 시간 역순,,V1/D06-시설관리/시설관리.md,878,D06-시설관리 시설관리 > DLG-052-002 RFID 이력 조회 > 2. UI 구성,- 이력 테이블: 등록일 / 카드 번호 / 회원명 / 상태를 시간 역순으로 표시합니다.
generic::DLG-053-001::유형 선택,유형 선택,generic,GX / PT / 스피닝 / 필라테스 / 기타 중 하나를 버튼,,V1/D06-시설관리/시설관리.md,1032,D06-시설관리 시설관리 > DLG-053-001 룸 등록/수정 > 2. UI 구성,- 유형 선택: GX / PT / 스피닝 / 필라테스 / 기타 중 하나를 버튼으로 선택합니다.
role_codes,권한 역할 코드,canonical,superAdmin / readonly / primary / manager / trainer / owner / staff / fc,8,V1/D07-직원관리/운영정책.md,19,D07-직원관리 직원관리 — 운영정책 > 1. 핵심 원칙,"- 관리자 웹 표준 역할 코드는 superAdmin, primary, owner, manager, fc, trainer, staff, readonly 8개를 기준으로 한다. owner의 화면 표시명은 Owner(지점장)으로 통일한다."
generic::global::근태 목록 테이블 8개 컬럼,근태 목록 테이블 8개 컬럼,generic,날짜 / 직원명 / 출근 시각 / 퇴근 시각 / 근무 시간 / 상태 / 출처 / 보정 이력,8,V1/D07-직원관리/운영정책.md,66,D07-직원관리 직원관리 — 운영정책 > 2. 상태 / 운영 정의,- 근태 목록 테이블 8개 컬럼: 날짜 / 직원명 / 출근 시각 / 퇴근 시각 / 근무 시간 / 상태 / 출처 / 보정 이력.
generic::global::급여 명세서 목록 9개 컬럼,급여 명세서 목록 9개 컬럼,generic,직원명 / 역할 / 지급 월 / 기본급 / 실지급액 / 발송 상태 / 발송 일시 / 수신 확인 / 액션,9,V1/D07-직원관리/운영정책.md,96,D07-직원관리 직원관리 — 운영정책 > 2. 상태 / 운영 정의,- 급여 명세서 목록 9개 컬럼: 직원명 / 역할 / 지급 월 / 기본급 / 실지급액 / 발송 상태 / 발송 일시 / 수신 확인 / 액션.
generic::SCR-060::STF-01-01 요약 지표 카드 (4개) (STF-01-01),STF-01-01 요약 지표 카드 (4개) (STF-01-01),generic,전체 직원 수 / 재직 중 인원 / 휴직 중 인원 / 퇴사 인원을 한눈에 표시,4,V1/D07-직원관리/직원관리.md,36,D07-직원관리 직원관리 > SCR-060 직원 목록 > 2. UI 구성 (STF-01-09),- STF-01-01 요약 지표 카드 (4개) (STF-01-01): 전체 직원 수 / 재직 중 인원 / 휴직 중 인원 / 퇴사 인원을 한눈에 표시합니다. 카드 클릭 시 해당 상태로 자동 필터링됩니다.
generic::SCR-060::재직 상태 필터,재직 상태 필터,generic,재직 / 휴직 / 퇴사,,V1/D07-직원관리/직원관리.md,44,D07-직원관리 직원관리 > SCR-060 직원 목록 > 2. UI 구성 (STF-01-09),- 재직 상태 필터: 재직 / 휴직 / 퇴사 중 선택해 필터링합니다.
generic::SCR-060::STF-01-05 직원 목록 테이블 (STF-01-05),STF-01-05 직원 목록 테이블 (STF-01-05),generic,번호 / 직원명 / 소속 지점 / 직무 / 연락처 / 입사일 / 재직 상태 / 메모 / 더보기,9,V1/D07-직원관리/직원관리.md,46,D07-직원관리 직원관리 > SCR-060 직원 목록 > 2. UI 구성 (STF-01-09),- STF-01-05 직원 목록 테이블 (STF-01-05): 번호 / 직원명 / 소속 지점 / 직무 배지 / 연락처 / 입사일 / 재직 상태 배지 / 메모 / 더보기 9개 컬럼으로 구성됩니다.
generic::SCR-062::미완료 업무 인수인계 단계 (STF-04-04),미완료 업무 인수인계 단계 (STF-04-04),generic,각 직원이 담당하던 회원 / 예약된 수업 / 진행 중인 계약 등을 직원별 / 행,,V1/D07-직원관리/직원관리.md,275,D07-직원관리 직원관리 > SCR-062 직원 퇴사 처리 > 2. UI 구성,"- 미완료 업무 인수인계 단계 (STF-04-04): 각 직원이 담당하던 회원, 예약된 수업, 진행 중인 계약 등을 직원별 카드 또는 행으로 표시하고 인계받을 담당자를 지정합니다. 시스템은 인계자를 자동 선택하지 않습니다."
generic::SCR-063::PAY-STF-01-04 근태 목록 테이블 (PAY-STF-01-04),PAY-STF-01-04 근태 목록 테이블 (PAY-STF-01-04),generic,날짜 / 직원명 / 출근 시각 / 퇴근 시각 / 근무 시간 / 상태 / 출처 / 보정 이력,8,V1/D07-직원관리/직원관리.md,379,D07-직원관리 직원관리 > SCR-063 직원 근태 관리 > 2. UI 구성,- PAY-STF-01-04 근태 목록 테이블 (PAY-STF-01-04): 날짜 / 직원명 / 출근 시각 / 퇴근 시각 / 근무 시간 / 상태 / 출처 / 보정 이력 8개 컬럼으로 구성됩니다.
generic::SCR-063::직원 지각 기준 표시,직원 지각 기준 표시,generic,정규 출근 시각 / 10분까지는 정상 / 10분 초,,V1/D07-직원관리/직원관리.md,385,D07-직원관리 직원관리 > SCR-063 직원 근태 관리 > 2. UI 구성,"- 직원 지각 기준 표시: 현재 지점의 직원 지각 허용 시간을 상단 정책 배지로 표시합니다. 기본값은 10분이며, 정규 출근 시각 + 10분까지는 정상, 10분 초과 출근부터 지각으로 분류합니다. 이 값은 D09 SCR-086 출석 관리 설정 > 직원 근태 기준 설정에서 Owner(지점장)이 변경할 수 있습니다."
generic::SCR-063::근태 상태 배지 6종,근태 상태 배지 6종,generic,정상 / 지각 / 결근 / 조퇴 / 외근 / 휴가,6,V1/D07-직원관리/직원관리.md,410,SCR-063 직원 근태 관리 > 2. UI 구성 > 근태 목록 테이블 8개 컬럼,근태 상태 배지 6종: 정상 / 지각 / 결근 / 조퇴 / 외근 / 휴가.
generic::SCR-063::근태 출처 배지 4종,근태 출처 배지 4종,generic,키오스크 / IoT / 수동 보정 / 누락 추가,4,V1/D07-직원관리/직원관리.md,412,SCR-063 직원 근태 관리 > 2. UI 구성 > 근태 목록 테이블 8개 컬럼,근태 출처 배지 4종: 키오스크 / IoT / 수동 보정 / 누락 추가.
generic::SCR-064::PAY-STF-02-02 요약 지표 카드 (PAY-STF-02-02),PAY-STF-02-02 요약 지표 카드 (PAY-STF-02-02),generic,전체 지급 예정 금액 / 확정 완료 인원 / 미확정 인원 / 이전 월 대비 증감을 표시,,V1/D07-직원관리/직원관리.md,516,D07-직원관리 직원관리 > SCR-064 급여 관리 > 2. UI 구성,- PAY-STF-02-02 요약 지표 카드 (PAY-STF-02-02): 전체 지급 예정 금액 / 확정 완료 인원 / 미확정 인원 / 이전 월 대비 증감을 표시합니다.
generic::SCR-064::PAY-STF-02-04 직원별 급여 테이블 (PAY-STF-02-04),PAY-STF-02-04 직원별 급여 테이블 (PAY-STF-02-04),generic,직원명 / 역할 / 급여 형태 / 기본급 / 수당 합계 / 공제 합계 / 수수료 / 실지급액 / 확정 상태 / 액션,10,V1/D07-직원관리/직원관리.md,518,D07-직원관리 직원관리 > SCR-064 급여 관리 > 2. UI 구성,- PAY-STF-02-04 직원별 급여 테이블 (PAY-STF-02-04): 직원명 / 역할 / 급여 형태 / 기본급 / 수당 합계 / 공제 합계 / 수수료 / 실지급액 / 확정 상태 / 액션 10개 컬럼으로 구성됩니다.
generic::SCR-064::급여 정책 템플릿 패널,급여 정책 템플릿 패널,generic,화면 우측 / 하단 보조 패널에서 직급별 정책 목록을 조회,,V1/D07-직원관리/직원관리.md,520,D07-직원관리 직원관리 > SCR-064 급여 관리 > 2. UI 구성,- 급여 정책 템플릿 패널: 화면 우측 또는 하단 보조 패널에서 직급별 정책 목록을 조회합니다. 매출 타입 / 수업 타입 탭으로 정책 분류를 전환합니다.
generic::SCR-064::직군별 산식 탭,직군별 산식 탭,generic,FC / PT / GX / 공통 / 각 직군의 정률제 / 고정급제 / 시급제 / 혼합제 산식을 따로 조회,,V1/D07-직원관리/직원관리.md,522,D07-직원관리 직원관리 > SCR-064 급여 관리 > 2. UI 구성,"- 직군별 산식 탭: FC / PT / GX / 공통 탭을 제공하며, 각 직군의 정률제 / 고정급제 / 시급제 / 혼합제 산식을 따로 조회합니다."
generic::SCR-065::PAY-STF-03-03 명세서 목록 테이블 (PAY-STF-03-03),PAY-STF-03-03 명세서 목록 테이블 (PAY-STF-03-03),generic,직원명 / 역할 / 지급 월 / 기본급 / 실지급액 / 발송 상태 / 발송 일시 / 수신 확인 / 액션,9,V1/D07-직원관리/직원관리.md,709,D07-직원관리 직원관리 > SCR-065 급여 명세서 > 2. UI 구성,- PAY-STF-03-03 명세서 목록 테이블 (PAY-STF-03-03): 직원명 / 역할 / 지급 월 / 기본급 / 실지급액 / 발송 상태 / 발송 일시 / 수신 확인 / 액션 9개 컬럼으로 구성됩니다.
generic::DLG-064-003::정책 분류 탭,정책 분류 탭,generic,매출 타입 / 수업 타입,,V1/D07-직원관리/직원관리.md,1411,D07-직원관리 직원관리 > DLG-064-003 급여 정책 추가 > 2. UI 구성,- 정책 분류 탭: 매출 타입 / 수업 타입 탭으로 정책 성격을 전환합니다.
generic::DLG-064-003::직군 선택 탭,직군 선택 탭,generic,FC / PT / GX / 공통 중 적용 직군을 선택,,V1/D07-직원관리/직원관리.md,1413,D07-직원관리 직원관리 > DLG-064-003 급여 정책 추가 > 2. UI 구성,- 직군 선택 탭: FC / PT / GX / 공통 중 적용 직군을 선택합니다.
generic::SCR-070::CRM-01-01 요약 지표 카드 (5개) (CRM-01-01),CRM-01-01 요약 지표 카드 (5개) (CRM-01-01),generic,전체 리드 수 / 등록 전환 수 / 전환율 / 대기 중(신규 / 연락완료 / 미전환율을 한눈에 표시,5,V1/D08-마케팅/마케팅.md,35,D08-마케팅 마케팅 > SCR-070 리드 관리 > 2. UI 구성,- CRM-01-01 요약 지표 카드 (5개) (CRM-01-01): 전체 리드 수 / 등록 전환 수 / 전환율 / 대기 중(신규+연락완료) / 미전환율을 한눈에 표시합니다.
generic::SCR-070::상태별 분포 카드 (CRM-01-02),상태별 분포 카드 (CRM-01-02),generic,신규 / 연락완료 / 상담예정 / 방문완료 / 등록완료 / 미전환 / 보류 각 상태별 건수를,,V1/D08-마케팅/마케팅.md,37,D08-마케팅 마케팅 > SCR-070 리드 관리 > 2. UI 구성,- 상태별 분포 카드 (CRM-01-02): 신규·연락완료·상담예정·방문완료·등록완료·미전환·보류 각 상태별 건수를 카드 형태로 표시합니다. (데이터가 0건인 상태는 숨김)
generic::SCR-070::상태 필터,상태 필터,generic,특정 상담 단계 / 연락완료 / 상담예정 / 방문완료 / 등록완료 / 미전환 / 보류)을 표시,7,V1/D08-마케팅/마케팅.md,39,D08-마케팅 마케팅 > SCR-070 리드 관리 > 2. UI 구성,- 상태 필터: 전체 또는 특정 상담 단계 7종(신규·연락완료·상담예정·방문완료·등록완료·미전환·보류)을 표시합니다. 등록완료는 조회 필터에만 포함되며 수동 저장 가능한 단계가 아닙니다.
inquiry_types,문의 유형,canonical,전화문의(TI / 방문(WI / 일일입장 / 체험,,V1/D08-마케팅/마케팅.md,41,D08-마케팅 마케팅 > SCR-070 리드 관리 > 2. UI 구성,- 문의 유형 필터: 방문(WI) / 전화문의(TI) / 체험 / 일일입장 중 선택합니다.
signup_paths,가입경로,canonical,지역카페 / 회원소개 / 블로그 / 인스타 / 현수막 / 전단지 / 간판 / 당근 / 기타,,V1/D08-마케팅/마케팅.md,43,D08-마케팅 마케팅 > SCR-070 리드 관리 > 2. UI 구성,- 가입경로 필터 (CRM-01-03): 간판 / 블로그 / 인스타 / 당근 / 지역카페 / 현수막 / 전단지 / 회원소개 / 기타 중 선택합니다.
generic::SCR-070::CRM-01-05 리드 목록 테이블 (CRM-01-05),CRM-01-05 리드 목록 테이블 (CRM-01-05),generic,문의일 / 이름 / 연락처 / 문의 유형 / 가입경로 / 상담 단계 / 담당 FC / 후속 예정일 / 메모,,V1/D08-마케팅/마케팅.md,47,D08-마케팅 마케팅 > SCR-070 리드 관리 > 2. UI 구성,- CRM-01-05 리드 목록 테이블 (CRM-01-05): 문의일 / 이름 / 연락처 / 문의 유형 / 가입경로 / 상담 단계 / 담당 FC / 후속 예정일 / 메모 컬럼으로 구성됩니다. 수정·삭제 버튼 제공.
generic::SCR-071::메시지 플랫폼 정보 카드,메시지 플랫폼 정보 카드,generic,연동 플랫폼명 / 발신 프로필 / 승인 템플릿 수 / 잔여 캐시 / 크레딧 / 최근 동기화 시각을 상단에 표시,,V1/D08-마케팅/마케팅.md,155,D08-마케팅 마케팅 > SCR-071 메시지 발송 > 2. UI 구성,"- 메시지 플랫폼 정보 카드: 연동 플랫폼명, 발신 프로필, 승인 템플릿 수, 잔여 캐시/크레딧, 최근 동기화 시각을 상단에 표시합니다."
notification_channels,알림 채널,canonical,Push / 카카오톡 / SMS,,V1/D08-마케팅/마케팅.md,159,D08-마케팅 마케팅 > SCR-071 메시지 발송 > 2. UI 구성,"- MKT-01-04: 발송 채널 선택 (MKT-01-04): Push / 카카오톡 / SMS 중 선택합니다. 카카오톡은 승인된 알림톡 템플릿을 사용하고, SMS 장문은 SMS 채널 내부에서 LMS로 처리합니다."
generic::SCR-071::MKT-01-09 발송 이력 테이블 (MKT-01-09),MKT-01-09 발송 이력 테이블 (MKT-01-09),generic,발송 일시 / 채널 / 수신자 수 / 내용 요약 / 발송 결 / 액션,6,V1/D08-마케팅/마케팅.md,167,D08-마케팅 마케팅 > SCR-071 메시지 발송 > 2. UI 구성,- MKT-01-09 발송 이력 테이블 (MKT-01-09): 발송 일시 / 채널 / 수신자 수 / 내용 요약 / 발송 결과 / 액션 6개 컬럼으로 조회합니다. 액션 컬럼의 [상세] 버튼으로 수신자별 발송 결과와 실패 사유를 확인합니다.
generic::SCR-072::만료 정책 탭,만료 정책 탭,generic,회원 이용권 만료 / 결제기한 만료 / 락커 만료를 별도,,V1/D08-마케팅/마케팅.md,264,D08-마케팅 마케팅 > SCR-072 자동 알림 설정 > 2. UI 구성,- 만료 정책 탭: 회원 이용권 만료 / 결제기한 만료 / 락커 만료를 별도 탭으로 표시합니다. 본사 step과 지점 추가 step은 배지로 구분합니다.
generic::SCR-072::본사 필수 잠금 상태 (MKT-02-04),본사 필수 잠금 상태 (MKT-02-04),generic,본사가 본사 필수로 배포한 규칙 / step은 ON 고정 disabled 토글 / 본사 필수,,V1/D08-마케팅/마케팅.md,276,D08-마케팅 마케팅 > SCR-072 자동 알림 설정 > 2. UI 구성,"- 본사 필수 잠금 상태 (MKT-02-04): 본사가 본사 필수로 배포한 규칙 또는 step은 ON 고정 disabled 토글과 본사 필수 배지를 표시합니다. Owner(지점장)도 OFF할 수 없으며, 상세 설정에서 허용된 채널·메시지·발송 시각만 조정할 수 있습니다."
generic::SCR-072::플랫폼 상태 배지,플랫폼 상태 배지,generic,규칙별로 승인 템플릿 존재 여부 / 발신 프로필 연결 여부 / 최근 테스트 발송 결과를,,V1/D08-마케팅/마케팅.md,278,D08-마케팅 마케팅 > SCR-072 자동 알림 설정 > 2. UI 구성,"- 플랫폼 상태 배지: 규칙별로 승인 템플릿 존재 여부, 발신 프로필 연결 여부, 최근 테스트 발송 결과를 배지로 표시합니다."
generic::SCR-072::지점 step 추가 버튼,지점 step 추가 버튼,generic,회원 이용권 만료 / 락커 만료,,V1/D08-마케팅/마케팅.md,280,D08-마케팅 마케팅 > SCR-072 자동 알림 설정 > 2. UI 구성,- 지점 step 추가 버튼: 회원 이용권 만료 / 락커 만료 탭에서만 노출됩니다. 결제기한 만료 탭에서는 노출하지 않습니다.
generic::SCR-072A::탭 위치,탭 위치,generic,message / auto-alarm의 운영현황,,V1/D08-마케팅/마케팅.md,386,D08-마케팅 마케팅 > SCR-072A 자동알림 운영현황 > 2. UI 구성,- 탭 위치: /message/auto-alarm의 운영현황 탭. 설정 탭은 SCR-072 정의를 따른다.
generic::SCR-073::MKT-03-01 요약 지표 카드 4종 (MKT-03-01),MKT-03-01 요약 지표 카드 4종 (MKT-03-01),generic,전체 쿠폰 수 / 발급 건수 / 사용 건수 / 평균 사용률,4,V1/D08-마케팅/마케팅.md,489,D08-마케팅 마케팅 > SCR-073 쿠폰 관리 > 2. UI 구성,"- MKT-03-01 요약 지표 카드 4종 (MKT-03-01): 전체 쿠폰 수 / 발급 건수 / 사용 건수 / 평균 사용률. 전체 쿠폰 수는 활성·만료·중단 쿠폰을 포함하고 삭제된 쿠폰은 제외합니다. 발급 건수는 회원에게 발급 완료된 누적 건수, 사용 건수는 현재 사용 완료 상태의 건수, 평균 사용률은 사용 건수 ÷ 발급 건수 × 100입니다."
generic::SCR-073::MKT-03-02 쿠폰 목록 테이블 9개 컬럼 (MKT-03-02),MKT-03-02 쿠폰 목록 테이블 9개 컬럼 (MKT-03-02),generic,쿠폰명 / 할인 유형 / 할인 금액 / 할인율 / 유효 기간 / 발급 수 / 사용 수 / 사용률 / 상태 / 액션,9,V1/D08-마케팅/마케팅.md,491,D08-마케팅 마케팅 > SCR-073 쿠폰 관리 > 2. UI 구성,- MKT-03-02 쿠폰 목록 테이블 9개 컬럼 (MKT-03-02): 쿠폰명 / 할인 유형 / 할인 금액 또는 할인율 / 유효 기간 / 발급 수 / 사용 수 / 사용률 / 상태 / 액션. 액션 컬럼에는 권한과 쿠폰 상태에 따라 [발급] / [수정] / [삭제] 버튼을 표시합니다.
generic::SCR-073::MKT-03-03 쿠폰 생성 버튼 (MKT-03-03),MKT-03-03 쿠폰 생성 버튼 (MKT-03-03),generic,쿠폰 생성 / 수정 다이얼로그를 빈 폼으로 열어 새 쿠폰을 생성,,V1/D08-마케팅/마케팅.md,495,D08-마케팅 마케팅 > SCR-073 쿠폰 관리 > 2. UI 구성,"- MKT-03-03 쿠폰 생성 버튼 (MKT-03-03): 쿠폰 생성/수정 다이얼로그를 빈 폼으로 열어 새 쿠폰을 생성합니다. 입력 항목은 쿠폰명, 할인 유형, 할인 금액·율, 유효 기간, 발급 수량 제한, 1인 사용 제한, 적용 상품, 활성 여부입니다."
generic::SCR-073::상태 필터,상태 필터,generic,활성 / 만료 / 중단 쿠폰을 선택해,,V1/D08-마케팅/마케팅.md,501,D08-마케팅 마케팅 > SCR-073 쿠폰 관리 > 2. UI 구성,- 상태 필터: 활성 / 만료 / 중단 쿠폰을 선택해 필터링합니다.
generic::SCR-074::MKT-04-01 요약 지표 카드 4종 (MKT-04-01),MKT-04-01 요약 지표 카드 4종 (MKT-04-01),generic,총 발행 마일리지 / 총 사용 마일리지 / 소멸 예정 마일리지 / 현재 유통 잔액을 표시,4,V1/D08-마케팅/마케팅.md,593,D08-마케팅 마케팅 > SCR-074 마일리지 관리 > 2. UI 구성 (MKT-04-09),"- MKT-04-01 요약 지표 카드 4종 (MKT-04-01): 총 발행 마일리지 / 총 사용 마일리지 / 소멸 예정 마일리지 / 현재 유통 잔액을 표시합니다. 총 발행 마일리지는 결제 자동 적립, 이벤트 적립, 수동 적립의 누적 합계이며 환불 복원은 신규 발행이 아니므로 제외합니다. 총 사용 마일리지는 결제에서 실제 사용 완료된 마일리지 누적 합계이고 환불로 복원된 사용분은 제외합니다. 소멸 예정 마일리지는 사용·차감·소멸 완료분을 제외하고 30일 이내 소멸 예정인 잔여분만 합산합니다. 현재 유통 잔액은 회원들이 현재 사용할 수 있는 마일리지 잔액 합계입니다."
generic::SCR-074::회원별 마일리지 테이블 7개 컬럼 (MKT-04-02),회원별 마일리지 테이블 7개 컬럼 (MKT-04-02),generic,회원명 / 연락처 / 현재 잔액 / 총 적립 / 총 사용 / 최근 적립일 / 액션,7,V1/D08-마케팅/마케팅.md,595,D08-마케팅 마케팅 > SCR-074 마일리지 관리 > 2. UI 구성 (MKT-04-09),"- 회원별 마일리지 테이블 7개 컬럼 (MKT-04-02): 회원명 / 연락처 / 현재 잔액 / 총 적립 / 총 사용 / 최근 적립일 / 액션 컬럼으로 구성됩니다. 회원명을 클릭하면 해당 회원의 상세 화면으로 이동하며, 뒤로가기 시 마일리지 화면의 현재 검색·필터 조건은 유지합니다. 액션 컬럼에는 [이력] / [수동 조정] 버튼을 표시합니다."
generic::SCR-074::MKT-04-04 이력 조회 패널 5개 컬럼 (MKT-04-04),MKT-04-04 이력 조회 패널 5개 컬럼 (MKT-04-04),generic,날짜 / 구분 / 금액 / 사유 / 처리자,5,V1/D08-마케팅/마케팅.md,597,D08-마케팅 마케팅 > SCR-074 마일리지 관리 > 2. UI 구성 (MKT-04-09),"- MKT-04-04 이력 조회 패널 5개 컬럼 (MKT-04-04): 날짜 / 구분 / 금액 / 사유 / 처리자. 특정 회원을 선택하면 우측 이력 패널에 적립·사용·차감·소멸·환불복원 이력이 표시됩니다. 기본 정렬은 최신순이며, 날짜 컬럼 정렬로 과거순 전환이 가능합니다."
generic::SCR-075::MKT-05-01 계약 유형 선택 (MKT-05-01),MKT-05-01 계약 유형 선택 (MKT-05-01),generic,회원 계약(이용권 / PT / 필라테스 등 / 직원 근로계약(정규직 근로 / 강사 위촉 / 프리랜서 등)을 선택,,V1/D08-마케팅/마케팅.md,700,D08-마케팅 마케팅 > SCR-075 전자 계약 > 2. UI 구성,- MKT-05-01 계약 유형 선택 (MKT-05-01): 회원 계약(이용권 / PT / 필라테스 등) 또는 직원 근로계약(정규직 근로 / 강사 위촉 / 프리랜서 등)을 선택합니다.
generic::SCR-075::계약 템플릿 분기 (MKT-05-03),계약 템플릿 분기 (MKT-05-03),generic,선택한 유형에 맞는 계약서 템플릿(회원 이용 계약서 / 근로계약서 / 위촉계약서 / 프리랜서 계약서)이 자동으로 로드됩니다,,V1/D08-마케팅/마케팅.md,708,D08-마케팅 마케팅 > SCR-075 전자 계약 > 2. UI 구성,- 계약 템플릿 분기 (MKT-05-03): 선택한 유형에 맞는 계약서 템플릿(회원 이용 계약서 / 근로계약서 / 위촉계약서 / 프리랜서 계약서)이 자동으로 로드됩니다.
generic::SCR-075::MKT-05-07 계약 이력 탭 (MKT-05-07),MKT-05-07 계약 이력 탭 (MKT-05-07),generic,이전에 체결된 계약서 목록을 날짜 / 계약 유형 / 회원명 기준으로 조회,,V1/D08-마케팅/마케팅.md,716,D08-마케팅 마케팅 > SCR-075 전자 계약 > 2. UI 구성,- MKT-05-07 계약 이력 탭 (MKT-05-07): 이전에 체결된 계약서 목록을 날짜·계약 유형·회원명 기준으로 조회합니다.
generic::SCR-076::상태 필터,상태 필터,generic,준비 중 / 진행 중 / 종료 캠페인을,,V1/D08-마케팅/마케팅.md,824,D08-마케팅 마케팅 > SCR-076 캠페인 관리 > 2. UI 구성,- 상태 필터: 준비 중 / 진행 중 / 종료 캠페인을 필터링합니다.
generic::SCR-078::MKT-08-01 채널 현황 카드 4종 (MKT-08-01),MKT-08-01 채널 현황 카드 4종 (MKT-08-01),generic,SMS 발송 건수 / 카카오 알림톡 건수 / 이번 달 총 비용 / 플랫폼 잔여 캐시를 표시,4,V1/D08-마케팅/마케팅.md,909,D08-마케팅 마케팅 > SCR-078 SMS/카카오 대량 발송 > 2. UI 구성,"- MKT-08-01 채널 현황 카드 4종 (MKT-08-01): SMS 발송 건수 / 카카오 알림톡 건수 / 이번 달 총 비용 / 플랫폼 잔여 캐시를 표시합니다. SMS 발송 건수는 이번 달 SMS/LMS/MMS 발송 건수 합산, 카카오 알림톡 건수는 이번 달 카카오 알림톡 발송 건수, 이번 달 총 비용은 플랫폼 집계 기준 비용, 플랫폼 잔여 캐시는 현재 발송 가능 잔여 캐시/크레딧입니다."
generic::SCR-078::MKT-08-07 발송 이력 목록 5개 컬럼 (MKT-08-07),MKT-08-07 발송 이력 목록 5개 컬럼 (MKT-08-07),generic,발송 일시 / 채널 / 수신자 수 / 처리 건수 / 비용,5,V1/D08-마케팅/마케팅.md,917,D08-마케팅 마케팅 > SCR-078 SMS/카카오 대량 발송 > 2. UI 구성,"- MKT-08-07 발송 이력 목록 5개 컬럼 (MKT-08-07): 발송 일시 / 채널 / 수신자 수 / 처리 건수 / 비용. 처리 건수에는 플랫폼 응답 기준 성공 수, 실패 수, 제외 수를 함께 표시하고, 행 상세에서 실패 사유와 재발송 가능 여부를 확인합니다."
signup_paths,가입경로,canonical,지역카페 / 회원소개 / 블로그 / 인스타 / 현수막 / 전단지 / 간판 / 당근 / 기타,,V1/D08-마케팅/마케팅.md,1036,D08-마케팅 마케팅 > DLG-070-001 리드 등록/수정 > 1. 목적,"신규 잠재 고객(리드)을 등록하거나 기존 리드 정보를 수정하는 다이얼로그입니다. 문의 유형(방문(WI) / 전화문의(TI) / 체험 / 일일입장), 가입경로(간판 / 블로그 / 인스타 / 당근 / 지역카페 / 현수막 / 전단지 / 회원소개 / 기타), 상담 단계, 담당 FC를 함께 기록해 체계적인 상담 파이프라인을 구성합니다. 외부 신규 DB 임포트가 사용되는 경우 원천 파일은 docs/03_템플릿/지점파일템플릿/2025년 12월 광화문점 신규통합 DB.xlsx의 신규통합DB 시트 형식이며, 실제 운영 파일도 같은 컬럼 구조를 따라야 합니다."
inquiry_types,문의 유형,canonical,전화문의(TI / 방문(WI / 일일입장 / 체험,,V1/D08-마케팅/마케팅.md,1044,D08-마케팅 마케팅 > DLG-070-001 리드 등록/수정 > 2. UI 구성,"- 문의 유형 (필수): 방문(WI) / 전화문의(TI) / 체험 / 일일입장 중 선택합니다. 기본값은 ""전화문의(TI)""입니다. 외부 신규 DB 임포트 시 신규통합DB 시트의 경로 필드와 매핑합니다."
signup_paths,가입경로,canonical,지역카페 / 회원소개 / 블로그 / 인스타 / 현수막 / 전단지 / 간판 / 당근 / 기타,,V1/D08-마케팅/마케팅.md,1046,D08-마케팅 마케팅 > DLG-070-001 리드 등록/수정 > 2. UI 구성,- 가입경로 (필수): 간판 / 블로그 / 인스타 / 당근 / 지역카페 / 현수막 / 전단지 / 회원소개 / 기타 중 선택합니다. 외부 신규 DB 임포트 시 신규통합DB 시트의 상세 경로1과 상세 경로2를 통합해 매핑합니다.
generic::DLG-071-001::검색 결과 목록,검색 결과 목록,generic,이름 / 연락처 / 이용권 상태 / 마지막 방문일,,V1/D08-마케팅/마케팅.md,1260,D08-마케팅 마케팅 > DLG-071-001 수신자 검색 > 2. UI 구성,- 검색 결과 목록: 이름 / 연락처 / 이용권 상태 / 마지막 방문일 컬럼으로 표시됩니다.
generic::DLG-071-002::채널별 미리보기 탭,채널별 미리보기 탭,generic,선택한 채널(Push / 카카오톡 / SMS)에 따라 해당 UI 형태로 메시지를 미리 표시,,V1/D08-마케팅/마케팅.md,1359,D08-마케팅 마케팅 > DLG-071-002 발송 미리보기 > 2. UI 구성,- 채널별 미리보기 탭: 선택한 채널(Push / 카카오톡 / SMS)에 따라 해당 UI 형태로 메시지를 미리 표시합니다.
generic::DLG-072-001::정책 유형,정책 유형,generic,회원 이용권 만료 / 결제기한 만료 / 락커 만료 / 지점 운영 이벤트 중 하나를 표시,,V1/D08-마케팅/마케팅.md,1459,D08-마케팅 마케팅 > DLG-072-001 알림 규칙 편집 > 2. UI 구성,- 정책 유형: 회원 이용권 만료 / 결제기한 만료 / 락커 만료 / 지점 운영 이벤트 중 하나를 표시합니다.
generic::DLG-072-001::step 소유 구분,step 소유 구분,generic,본사 step / 지점 추가 step을,,V1/D08-마케팅/마케팅.md,1460,D08-마케팅 마케팅 > DLG-072-001 알림 규칙 편집 > 2. UI 구성,- step 소유 구분: 본사 step / 지점 추가 step을 배지로 표시합니다.
generic::DLG-072-002::지점 추가 step 입력,지점 추가 step 입력,generic,기준일 유형(만료 전 / 당일 / 후 / 기준일 값 / 발송 시각 / 메시지 템플릿 / KakaoTalk fallback 사용 여부를 입력,,V1/D08-마케팅/마케팅.md,1560,D08-마케팅 마케팅 > DLG-072-002 알림 트리거 추가 > 2. UI 구성,"- 지점 추가 step 입력: 기준일 유형(만료 전/당일/후), 기준일 값, 발송 시각, 메시지 템플릿, KakaoTalk fallback 사용 여부를 입력합니다."
generic::DLG-073-001::할인 금액·율 (필수),할인 금액·율 (필수),generic,선택한 유형에 따라 할인 금액 / 할인율을 입력,,V1/D08-마케팅/마케팅.md,1670,D08-마케팅 마케팅 > DLG-073-001 쿠폰 생성/수정 > 2. UI 구성,- 할인 금액·율 (필수): 선택한 유형에 따라 할인 금액 또는 할인율을 입력합니다.
generic::DLG-078-001::추가 조건 필터,추가 조건 필터,generic,성별 / 연령대 / 이용권 유형 / 마지막 방문일 범위 등 세부 조건을 추가,,V1/D08-마케팅/마케팅.md,2579,D08-마케팅 마케팅 > DLG-078-001 발송 대상 선택 > 2. UI 구성,"- 추가 조건 필터: 성별, 연령대, 이용권 유형, 마지막 방문일 범위 등 세부 조건을 추가합니다."
signup_paths,가입경로,canonical,지역카페 / 회원소개 / 블로그 / 인스타 / 현수막 / 전단지 / 간판 / 당근 / 기타,9,V1/D08-마케팅/운영정책.md,23,D08-마케팅 마케팅 — 운영정책 > 1. 핵심 원칙,"- 외부 신규 DB 컬럼 매핑: 경로 필드는 문의 유형(방문(WI) / 전화문의(TI) / 체험 / 일일입장)으로 매핑하고, 상세 경로1과 상세 경로2는 가입경로 단일 필드로 통합 매핑한다. 가입경로 9종은 간판 / 블로그 / 인스타 / 당근 / 지역카페 / 현수막 / 전단지 / 회원소개 / 기타로 고정한다."
signup_paths,가입경로,canonical,지역카페 / 회원소개 / 블로그 / 인스타 / 현수막 / 전단지 / 간판 / 당근 / 기타,9,V1/D08-마케팅/운영정책.md,26,D08-마케팅 마케팅 — 운영정책 > 1. 핵심 원칙,"- 리드 단계의 가입경로와 실제 첫 정상 결제 완료 회원의 가입경로는 다를 수 있으므로, 첫 정상 결제 완료 기준 가입경로 분포를 별도 표시한다. 가입경로 집계는 간판 / 블로그 / 인스타 / 당근 / 지역카페 / 현수막 / 전단지 / 회원소개 / 기타 9종을 기준으로 한다."
generic::global::상태별 분포 카드 7종,상태별 분포 카드 7종,generic,신규 / 연락완료 / 상담예정 / 방문완료 / 등록완료 / 미전환 / 보류,7,V1/D08-마케팅/운영정책.md,43,D08-마케팅 마케팅 — 운영정책 > 2. 상태 / 운영 정의,- 상태별 분포 카드 7종: 신규 / 연락완료 / 상담예정 / 방문완료 / 등록완료 / 미전환 / 보류. 0건 상태는 숨김.
notification_channels,알림 채널,canonical,Push / 카카오톡 / SMS,3,V1/D08-마케팅/운영정책.md,47,D08-마케팅 마케팅 — 운영정책 > 2. 상태 / 운영 정의,"- 알림 채널: Push / 카카오톡 / SMS 3종으로 고정한다. 자동 알림은 회원앱 Push를 기본으로 사용하고, 지점이 카카오톡 fallback을 켠 경우에만 Push 실패·회원앱 미설치 대상에게 카카오톡 보조 발송을 시도한다. SMS는 정책 step에서 명시 선택한 경우에만 발송하며 자동 fallback으로 전환하지 않는다."
generic::SCR-080A::정책 적용 요약 카드 (SET-EXT-01-01),정책 적용 요약 카드 (SET-EXT-01-01),generic,적용 중인 본사 정책 세트 수 / 활성화된 본사 step 수 / 지점 추가 step 수 / 자동 회수 ON 정책 수 / 최근 실패 알림 수를,,V1/D09-설정관리/설정관리.md,168,D09-설정관리 설정관리 > SCR-080A 지점 자동화 적용 > 2. UI 구성,"- 정책 적용 요약 카드 (SET-EXT-01-01): 적용 중인 본사 정책 세트 수, 활성화된 본사 step 수, 지점 추가 step 수, 자동 회수 ON 정책 수, 최근 실패 알림 수를 카드로 표시한다. 각 카드는 클릭 시 아래 목록을 해당 조건으로 필터링한다."
generic::SCR-080A::적용 범위 탭,적용 범위 탭,generic,본사 정책 step / 지점 추가 step / 실물 자산 자동 회수로 구분,,V1/D09-설정관리/설정관리.md,170,D09-설정관리 설정관리 > SCR-080A 지점 자동화 적용 > 2. UI 구성,"- 적용 범위 탭: 전체 / 본사 정책 step / 지점 추가 step / 실물 자산 자동 회수로 구분한다. 본사 정책 step은 기준일·발송 시각·템플릿을 읽기 전용으로 표시하고, 지점 추가 step은 Owner(지점장)이 생성·수정·삭제할 수 있는 항목만 표시한다."
generic::SCR-080A::정책 유형 탭 (SET-EXT-01-02),정책 유형 탭 (SET-EXT-01-02),generic,회원 이용권 만료 / 결제기한 만료 / 락커 만료 / 락커 / 사물함 자동 회수 / 운동복 자동 회수,,V1/D09-설정관리/설정관리.md,172,D09-설정관리 설정관리 > SCR-080A 지점 자동화 적용 > 2. UI 구성,- 정책 유형 탭 (SET-EXT-01-02): 회원 이용권 만료 / 결제기한 만료 / 락커 만료 / 락커·사물함 자동 회수 / 운동복 자동 회수.
generic::SCR-080A::지점 step 추가 버튼,지점 step 추가 버튼,generic,회원 이용권 만료 / 락커 만료,,V1/D09-설정관리/설정관리.md,189,D09-설정관리 설정관리 > SCR-080A 지점 자동화 적용 > 2. UI 구성,"- 지점 step 추가 버튼: 회원 이용권 만료 / 락커 만료 탭에서만 노출한다. 결제기한 만료 탭에서는 버튼을 숨기고 ""결제기한 만료는 본사 정책 step만 사용할 수 있습니다"" 안내를 표시한다."
role_codes,권한 역할 코드,canonical,superAdmin / readonly / primary / manager / trainer / owner / staff / fc,8,V1/D09-설정관리/설정관리.md,313,D09-설정관리 설정관리 > SCR-081 권한 설정 > RBAC 역할 체계 기준,"- 관리자 웹 표준 역할 코드는 superAdmin, primary, owner, manager, fc, trainer, staff, readonly 8개를 기준으로 합니다."
iot_device_types,IoT 기기 종류,canonical,InBody 측정기 / 락커 컨트롤러 / 출입 게이트 / 키오스크,1,V1/D09-설정관리/설정관리.md,557,D09-설정관리 설정관리 > SCR-082A 키오스크 IoT 설정 > 장비 기본값,| 기기 종류 | 출입 게이트 / 키오스크 / 락커 컨트롤러 / InBody 측정기 중 1개 선택 |
iot_device_types,IoT 기기 종류,canonical,InBody 측정기 / 락커 컨트롤러 / 출입 게이트 / 키오스크,,V1/D09-설정관리/설정관리.md,650,D09-설정관리 설정관리 > SCR-083 IoT 출입 관리 > 연결 기기 현황,- 기기 종류: 출입 게이트 / 키오스크 / 락커 컨트롤러 / InBody 측정기
generic::SCR-083::연결 상태 배지,연결 상태 배지,generic,OK / 불안정 / 오류,,V1/D09-설정관리/설정관리.md,652,D09-설정관리 설정관리 > SCR-083 IoT 출입 관리 > 연결 기기 현황,- 연결 상태 배지: OK / 불안정 / 오류
generic::DLG-080A-001::적용 대상 정책 유형,적용 대상 정책 유형,generic,회원 이용권 만료 / 결제기한 만료 / 락커 만료,,V1/D09-설정관리/설정관리.md,1356,D09-설정관리 설정관리 > DLG-080A-001 정책 적용 확인 > 2. UI 구성,- 적용 대상 정책 유형: 회원 이용권 만료 / 결제기한 만료 / 락커 만료
generic::DLG-081-006::요약 헤더,요약 헤더,generic,변경 / 삭제 대상 역할 이름 / 작업 유형(권한 변경 / 역할 삭제 / 역할 교체) 표시,,V1/D09-설정관리/설정관리.md,1819,D09-설정관리 설정관리 > DLG-081-006 역할 변경 영향 분석 > 2. UI 구성,- 요약 헤더: 변경 또는 삭제 대상 역할 이름과 작업 유형(권한 변경 / 역할 삭제 / 역할 교체) 표시
generic::DLG-081-006::영향 범위 카드 2종,영향 범위 카드 2종,generic,배정 직원 수 / 담당 회원 합계,2,V1/D09-설정관리/설정관리.md,1821,D09-설정관리 설정관리 > DLG-081-006 역할 변경 영향 분석 > 2. UI 구성,- 영향 범위 카드 2종: 배정 직원 수 / 담당 회원 합계.
role_codes,권한 역할 코드,canonical,superAdmin / readonly / primary / manager / trainer / owner / staff / fc,8,V1/D09-설정관리/운영정책.md,19,D09-설정관리 설정관리 — 운영정책 > 1. 핵심 원칙,"- 관리자 웹 표준 역할 코드는 superAdmin, primary, owner, manager, fc, trainer, staff, readonly 8개를 기준으로 한다. owner의 화면 표시명은 Owner(지점장)으로 통일한다."
iot_device_types,IoT 기기 종류,canonical,InBody 측정기 / 락커 컨트롤러 / 출입 게이트 / 키오스크,4,V1/D09-설정관리/운영정책.md,53,D09-설정관리 설정관리 — 운영정책 > 1. 핵심 원칙,- CRM에서 설정 가능한 기기 종류는 출입 게이트 / 키오스크 / 락커 컨트롤러 / InBody 측정기 4종으로 고정한다.
iot_device_types,IoT 기기 종류,canonical,InBody 측정기 / 락커 컨트롤러 / 출입 게이트 / 키오스크,4,V1/D09-설정관리/운영정책.md,118,D09-설정관리 설정관리 — 운영정책 > 6. 정책 결정 근거,"- IoT 기기 종류는 4종으로 고정하고, 문서 내 다른 표현이 있으면 출입 게이트 / 키오스크 / 락커 컨트롤러 / InBody 측정기로 정규화한다."
generic::SCR-092::지점 목록 테이블 9개 컬럼,지점 목록 테이블 9개 컬럼,generic,지점명 / 지점 코드 / 주소 / 연락처 / 회원 수 / 직원 수 / 운영 상태 / 등록일 / 액션,9,V1/D10-본사관리/본사관리.md,36,D10-본사관리 본사관리 > SCR-092 지점 관리 > 지점 목록,- 지점 목록 테이블 9개 컬럼: 지점명 / 지점 코드 / 주소 / 연락처 / 회원 수 / 직원 수 / 운영 상태 / 등록일 / 액션. (CTR-01-01)
generic::SCR-092::통합 비교 테이블 9개 컬럼,통합 비교 테이블 9개 컬럼,generic,순위 / 지점명 / 운영 상태 / 총매출 / 활성 회원 수 / 출석 수 / 출석률 / 매출 증감률 / 상세,9,V1/D10-본사관리/본사관리.md,74,D10-본사관리 본사관리 > SCR-092 지점 관리 > 통합 현황 비교 탭,- 통합 비교 테이블 9개 컬럼: 순위 / 지점명 / 운영 상태 / 총매출 / 활성 회원 수 / 출석 수 / 출석률 / 매출 증감률 / 상세.
class_types,수업 유형,canonical,PT / GX / 골프 / 기타,,V1/D10-본사관리/본사관리.md,197,SCR-093 지점 성과 리포트 > 수업 성과 섹션 (HQ-04-04) > 인기 수업 산정 기준,| 대상 | 조회 기간 내 운영 완료된 그룹 수업 및 PT/GX/골프/기타 수업 유형 |
class_types,수업 유형,canonical,PT / GX / 골프 / 기타,,V1/D10-본사관리/본사관리.md,197,SCR-093 지점 성과 리포트 > 수업 성과 섹션 (HQ-04-04) > 인기 수업 산정 기준,| 대상 | 조회 기간 내 운영 완료된 그룹 수업 및 PT/GX/골프/기타 수업 유형 |
generic::SCR-098::각 탭에는 해당 건수 배지를 표시합니다. 예,각 탭에는 해당 건수 배지를 표시합니다. 예,generic,전체 12 / 미완료 5 / 완료 7,,V1/D10-본사관리/본사관리.md,487,D10-본사관리 본사관리 > SCR-098 오늘의 할 일 > 필터 탭 (HQ-06-03),- 각 탭에는 해당 건수 배지를 표시합니다. 예: 전체 12 / 미완료 5 / 완료 7.
class_session_types,강습 세션 유형,canonical,PT / GX / 골프 / 기타,4,V1/D10-본사관리/본사관리.md,1336,D10-본사관리 본사관리 > SCR-094 KPI 대시보드 > 강습 세션 유형별 운영 KPI,- 강습 세션 유형 4종: PT / GX / 골프 / 기타. 각 유형별 강습세션수를 카드 또는 누적 막대 차트로 표시합니다.
class_types,수업 유형,canonical,PT / GX / 골프 / 기타,4,V1/D10-본사관리/본사관리.md,1344,D10-본사관리 본사관리 > SCR-094 KPI 대시보드 > 강습 세션 유형별 운영 KPI,"- 수업 유형 4종: PT / GX / 골프 / 기타. 이 4종 축으로 표시하며, GX 세부 종목 5종 분포와는 별도 축으로 분리합니다."
gx_subcategories,GX 세부종목,canonical,GX 기타 / 필라테스 / 스피닝 / 요가 / 줌바,5,V1/D10-본사관리/본사관리.md,1346,D10-본사관리 본사관리 > SCR-094 KPI 대시보드 > 강습 세션 유형별 운영 KPI,- GX 세부 종목 5종 분류: 요가 / 필라테스 / 스피닝 / 줌바 / GX 기타.
generic::SCR-H1001::만료 알림 정책 유형 3개,만료 알림 정책 유형 3개,generic,회원 이용권 만료 / 결제기한 만료 / 락커 만료,3,V1/D10-본사관리/본사관리.md,1413,D10-본사관리 본사관리 > SCR-H1001 자동화 정책 라이브러리 > 1. 목적,- 만료 알림 정책 유형 3개: 회원 이용권 만료 / 결제기한 만료 / 락커 만료.
generic::SCR-H1001::정책 유형 필터,정책 유형 필터,generic,회원 이용권 만료 / 결제기한 만료 / 락커 만료 / 수업 운영 자동화 / 운영 자동화로,,V1/D10-본사관리/본사관리.md,1433,D10-본사관리 본사관리 > SCR-H1001 자동화 정책 라이브러리 > 2. UI 구성,- 정책 유형 필터: 전체 / 회원 이용권 만료 / 결제기한 만료 / 락커 만료 / 수업 운영 자동화 / 운영 자동화로 필터링한다.
generic::SCR-H1001::Step 미리보기 패널,Step 미리보기 패널,generic,정책 행 / D / 숫자 / 발송 시각 / 반복 주기 / 기본 채널(회원앱 Push 기본 / KakaoTalk fallback 선택 / 메시지 템플릿 / 기본 활성값 / 지점 제어 가능 여부를 표시,,V1/D10-본사관리/본사관리.md,1460,D10-본사관리 본사관리 > SCR-H1001 자동화 정책 라이브러리 > 2. UI 구성,"- Step 미리보기 패널: 정책 행 또는 카드를 선택하면 기준일(D-숫자/D-Day/D+숫자), 발송 시각, 반복 주기, 기본 채널(회원앱 Push 기본, KakaoTalk fallback 선택), 메시지 템플릿, 기본 활성값, 지점 제어 가능 여부를 표시한다. 결제기한 만료 step에서는 미수/연체 알림 N일과 운영자 알림 발송 시각을 함께 표시한다."
role_codes,권한 역할 코드,canonical,superAdmin / readonly / primary / manager / trainer / owner / staff / fc,8,V1/D10-본사관리/운영정책.md,16,D10-본사관리 본사관리 — 운영정책 > 1. 핵심 원칙,"- 관리자 웹 표준 역할 코드는 superAdmin, primary, owner, manager, fc, trainer, staff, readonly 8개를 기준으로 한다. owner의 화면 표시명은 Owner(지점장)으로 통일한다."
generic::global::지점 목록 9개 컬럼,지점 목록 9개 컬럼,generic,지점명 / 지점 코드 / 주소 / 연락처 / 회원 수 / 직원 수 / 운영 상태 / 등록일 / 액션,9,V1/D10-본사관리/운영정책.md,48,D10-본사관리 본사관리 — 운영정책 > 2. 상태 / 운영 정의,- 지점 목록 9개 컬럼: 지점명 / 지점 코드 / 주소 / 연락처 / 회원 수 / 직원 수 / 운영 상태 / 등록일 / 액션.
iot_device_types,IoT 기기 종류,canonical,InBody 측정기 / 락커 컨트롤러 / 출입 게이트 / 키오스크,4,V1/D11-통합운영/운영정책.md,17,D11-통합운영 통합운영 — 운영정책 > 1. 핵심 원칙,- CRM에서 사용하는 고정 기기 종류는 출입 게이트 / 키오스크 / 락커 컨트롤러 / InBody 측정기 4종이다.
generic::global::IoT 표시 기준,IoT 표시 기준,generic,D11은 출입 게이트 / 키오스크 / 락커 컨트롤러 / InBody 측정기의 상태를 OK / 불안정 / 오류 / 점검 중 / 마지막 수신 시각,,V1/D11-통합운영/운영정책.md,43,D11-통합운영 통합운영 — 운영정책 > 2. 상태 / 운영 정의,"- IoT 표시 기준: D11은 출입 게이트/키오스크/락커 컨트롤러/InBody 측정기의 상태를 OK / 불안정 / 오류 / 점검 중 배지와 마지막 수신 시각으로 표시한다. 상태 판정은 D09의 기기 헬스체크 정책을 따르며, 기본 주기는 5분이고 본사(primary/superAdmin)만 전역 기준을 변경할 수 있다."
generic::global::고정 기기 종류 4종,고정 기기 종류 4종,generic,출입 게이트 / 키오스크 / 락커 컨트롤러 / InBody 측정기,4,V1/D11-통합운영/운영정책.md,47,D11-통합운영 통합운영 — 운영정책 > 2. 상태 / 운영 정의,"- 고정 기기 종류 4종: 출입 게이트 / 키오스크 / 락커 컨트롤러 / InBody 측정기. 카드 리더, 얼굴인식 카메라는 별도 기기 종류가 아니라 인증 수단 또는 부속 모듈이다."
generic::SCR-I006::4. 수신 로그 탭,4. 수신 로그 탭,generic,InBody API 수신값의 측정 사용자 / 측정 시각 / 체성분 값을 확인,,V1/D11-통합운영/통합운영.md,562,D11-통합운영 통합운영 > SCR-I006 체성분 통합 관리 > 3. 액션 / 흐름,4. 수신 로그 탭: InBody API 수신값의 측정 사용자·측정 시각·체성분 값을 확인
generic::SCR-107::탭 전환,탭 전환,generic,기능명세 / 화면설계,,V2/D01-공통/공통.md,408,D01-공통 공통 > SCR-107 화면설계서 오버레이 (Cmd+/) > 2. UI 구성,- 탭 전환: 기능명세 / 화면설계
generic::SCR-107::2. 기능명세 탭,2. 기능명세 탭,generic,현재 화면의 기획 의도 / 기능 설명 확인,,V2/D01-공통/공통.md,417,D01-공통 공통 > SCR-107 화면설계서 오버레이 (Cmd+/) > 3. 액션 / 흐름,2. 기능명세 탭: 현재 화면의 기획 의도·기능 설명 확인
generic::global::3순위,3순위,generic,고도화 / 실험적 대시보드 / 확장형 분석 기능,,V2/D01-공통/운영정책.md,15,D01-공통 공통 — 운영정책 > 1. 핵심 원칙,"- 3순위: 고도화 탭, 실험적 대시보드, 확장형 분석 기능"
signup_paths,가입경로,canonical,지역카페 / 회원소개 / 블로그 / 인스타 / 현수막 / 전단지 / 간판 / 당근 / 기타,9,V2/D02-회원관리/운영정책.md,23,D02-회원관리 회원관리 — 운영정책 > 1. 핵심 원칙,"- 외부 신규 DB 컬럼 매핑: 경로 필드는 문의 유형(방문(WI) / 전화문의(TI) / 체험 / 일일입장)으로 매핑하고, 상세 경로1과 상세 경로2는 가입경로 단일 필드로 통합 매핑한다. 가입경로 9종은 간판 / 블로그 / 인스타 / 당근 / 지역카페 / 현수막 / 전단지 / 회원소개 / 기타로 고정한다."
signup_paths,가입경로,canonical,지역카페 / 회원소개 / 블로그 / 인스타 / 현수막 / 전단지 / 간판 / 당근 / 기타,9,V2/D02-회원관리/운영정책.md,26,D02-회원관리 회원관리 — 운영정책 > 1. 핵심 원칙,"- 리드 단계의 가입경로와 실제 첫 정상 결제 완료 회원의 가입경로는 다를 수 있으므로, 첫 정상 결제 완료 기준 가입경로 분포를 별도 표시한다. 가입경로 집계는 간판 / 블로그 / 인스타 / 당근 / 지역카페 / 현수막 / 전단지 / 회원소개 / 기타 9종을 기준으로 한다."
generic::SCR-M004::회원 프로필 요약 (고정 영역),회원 프로필 요약 (고정 영역),generic,프로필 사진 / 관심회원 별표 / 회원명 / 등급 / 상태 / 만료일까지 남은 일수 / 연락처 / 이메일,,V2/D02-회원관리/회원관리.md,126,D02-회원관리 회원관리 > SCR-M004 회원 상세 > 2. UI 구성,- 회원 프로필 요약 (고정 영역): 프로필 사진 / 관심회원 별표 / 회원명 / 등급 배지 / 상태 배지 / 만료일까지 남은 일수 / 연락처 / 이메일. 하단에 미수금·마일리지·이용권 계약 수·락커 번호 요약 표시.
generic::SCR-M004::지점·귀속 요약 카드,지점·귀속 요약 카드,generic,프로필 요약 하단에 소속지점 / 기본 이용지점 / 담당 상담자(FC / 담당 트레이너 / 기본 매출 귀속 지점 / 기본 인센티브 귀속자를 별도,,V2/D02-회원관리/회원관리.md,128,D02-회원관리 회원관리 > SCR-M004 회원 상세 > 2. UI 구성,- 지점·귀속 요약 카드: 프로필 요약 하단에 소속지점 / 기본 이용지점 / 담당 상담자(FC) / 담당 트레이너 / 기본 매출 귀속 지점 / 기본 인센티브 귀속자를 별도 카드로 표시합니다.
generic::SCR-M004::운영 코크핏,운영 코크핏,generic,자동 라벨 만료임박 / 미수금 존재 / 장기 미방문 / 홀딩 상태 / 만료 알림 대상,,V2/D02-회원관리/회원관리.md,130,D02-회원관리 회원관리 > SCR-M004 회원 상세 > 2. UI 구성,"- 운영 코크핏: 프로필 바로 아래에 지금 바로 처리할 운영 이슈 영역을 배치합니다. HQ-09 만료 알림 대상, 자동 라벨 만료임박, 미수금 존재, 장기 미방문, 홀딩 상태, 이용 정지 같은 리스크를 우선순위 순으로 카드형 경보로 노출합니다. D02 실제 회원 상태값 임박(EXPIRING) 배너, HQ-09 만료 알림 대상 카드, 자동 라벨 만료임박 카드는 별도 조건으로 판정합니다."
generic::SCR-M004::최근 신호 요약,최근 신호 요약,generic,마지막 방문일 / 최근 30일 결제금액,,V2/D02-회원관리/회원관리.md,134,D02-회원관리 회원관리 > SCR-M004 회원 상세 > 2. UI 구성,"- 최근 신호 요약: 마지막 방문일, 최근 30일 결제금액, 활성 계약 수를 별도 요약 블록으로 표시해 운영자가 탭 이동 없이 현재 회원의 건강도를 파악할 수 있게 합니다."
generic::SCR-M004::15개 탭,15개 탭,generic,회원정보 / 이용권 / 출석 이력 / 결제 이력 / 결제내역 / 예약내역 / 상세내역 / 체성분 / 상담 / 메모 / 레슨 / 신체정보 / 종합평가 / 상담이력 / 운동프로그램 / 운동이력,15,V2/D02-회원관리/회원관리.md,140,D02-회원관리 회원관리 > SCR-M004 회원 상세 > 2. UI 구성,- 15개 탭: 회원정보 · 이용권 · 출석 이력 · 결제 이력 · 결제내역 · 예약내역 · 상세내역 · 체성분 · 상담·메모 · 레슨 · 신체정보 · 종합평가 · 상담이력 · 운동프로그램 · 운동이력
generic::SCR-M004::계약 액션 버튼 묶음,계약 액션 버튼 묶음,generic,계약 정보 / 양도 / 환불 / 기간정지 / 기간정지 종료 / 기간정지 취소 버튼을 배치,,V2/D02-회원관리/회원관리.md,156,D02-회원관리 회원관리 > SCR-M004 회원 상세 > 2. UI 구성,- 계약 액션 버튼 묶음: 계약 정보 탭 상단에 업그레이드 / 양도 / 환불 / 기간정지 / 기간정지 종료 / 기간정지 취소 버튼을 배치합니다. 회원 상태와 상품 상태에 따라 버튼 활성 조건이 달라집니다. 환불 버튼은 D02에서 환불을 직접 완료하지 않고 D03 매출관리의 SCR-S012 / DLG-S013 환불 플로우로 진입합니다.
generic::SCR-M004::레슨 탭,레슨 탭,generic,회원별 레슨 기록을 classes 기준으로 조회 / 추가,,V2/D02-회원관리/회원관리.md,158,D02-회원관리 회원관리 > SCR-M004 회원 상세 > 2. UI 구성,"- 레슨 탭: 회원별 레슨 기록을 classes 기준으로 조회·추가한다. 기록 추가 시 회원 ID/회원명, 수업명, 트레이너, 운동 메모, 서명 상태를 저장하며 모바일 레슨 완료 서명과 같은 signature_url, signature_at, completed_at 컬럼을 공유한다."
generic::SCR-M004::상담이력 탭,상담이력 탭,generic,상담 일시 / 유형 / 채널 / 담당자 / 상태 / 결과 / 연결 매출 / 후속조치 / 내용을 consultations에 저장,,V2/D02-회원관리/회원관리.md,160,D02-회원관리 회원관리 > SCR-M004 회원 상세 > 2. UI 구성,"- 상담이력 탭: 상담 일시, 유형, 채널, 담당자, 상태, 결과, 연결 매출, 후속조치, 내용을 consultations에 저장한다. 수정 시 히스토리 로그에 상담 이력 수정됨 문구가 남아야 한다."
generic::DLG-M014::결제 수단별 수납행,결제 수단별 수납행,generic,현금 / 계좌이체 등,,V2/D02-회원관리/회원관리.md,930,D02-회원관리 회원관리 > DLG-M014 결제 상세 조회 > 2. UI 구성,"- 결제 수단별 수납행: 카드, 현금, 계좌이체 등. 각 행에는 금액, 매입사/카드사, 외부 POS/VAN 승인번호, 이체확인번호, 계좌이체 입금자명, 현금영수증 처리 여부, 영수증 파일을 표시합니다."
generic::SCR-S001::매출유형 필터 탭,매출유형 필터 탭,generic,신규 / 재등록 / 휴면복귀 / 종목추가 / 업그레이드 중 하나를 선택해 해당 유형의 거래만 표시,,V2/D03-매출관리/매출관리.md,51,D03-매출관리 매출관리 > SCR-S001 매출 현황 > 2. UI 구성,- 매출유형 필터 탭: 전체 / 신규 / 재등록 / 휴면복귀 / 종목추가 / 업그레이드 중 하나를 선택해 해당 유형의 거래만 표시합니다.
generic::SCR-S001::분석 탭 (7개),분석 탭 (7개),generic,매출 내역 / 기간별 매출 / 상품별 내역 / 결제수단별 / 담당자별 / 환불 내역 / 미납 내역을,7,V2/D03-매출관리/매출관리.md,53,D03-매출관리 매출관리 > SCR-S001 매출 현황 > 2. UI 구성,- 분석 탭 (7개): 매출 내역 / 기간별 매출 / 상품별 내역 / 결제수단별 / 담당자별 / 환불 내역 / 미납 내역을 탭으로 전환합니다. 환불·미납 탭에는 해당 건수가 배지로 표시됩니다.
generic::SCR-S001::매출 목록 테이블,매출 목록 테이블,generic,구매일 / 매출유형 / 유형 / 상품명 / 구매자 / 담당자 / 금액 / 결제수단 / 결제경로 / 현금 / 포인트 / 미수금 / 링크 상태 / 상태 등을,,V2/D03-매출관리/매출관리.md,55,D03-매출관리 매출관리 > SCR-S001 매출 현황 > 2. UI 구성,"- 매출 목록 테이블: 구매일 / 매출유형 / 유형 / 상품명 / 구매자 / 담당자 / 금액 / 결제수단 / 결제경로 / 현금·카드·포인트 / 미수금 / 링크 상태 / 상태 등을 컬럼으로 제공합니다. 상품명 클릭 시 상품 상세로, 구매자 클릭 시 회원 상세로 이동합니다."
product_categories,상품 대분류,canonical,회원권 / 수강권 / 운동복 / 락커 / 일반,5,V2/D03-매출관리/매출관리.md,118,D03-매출관리 매출관리 > SCR-S002 POS 판매 > 2. UI 구성,- 카테고리 탭: 회원권 / 수강권 / 락커 / 운동복 / 일반 탭을 전환하며 해당 상품군만 표시합니다. POS 판매와 상품관리의 상품 대분류는 이 5개로 통일합니다.
generic::SCR-S002::상품 카드 그리드,상품 카드 그리드,generic,수강권 / 락커 / 운동복 / 일반 / 상품명 / 기간 / 횟수 / 현금가,,V2/D03-매출관리/매출관리.md,124,D03-매출관리 매출관리 > SCR-S002 POS 판매 > 2. UI 구성,"- 상품 카드 그리드: 카테고리별 상품을 카드 형태로 나열합니다. 각 카드에는 상품 유형 배지(회원권·수강권·락커·운동복·일반), 상품명, 기간, 횟수, 현금가, 카드가가 표시됩니다. 클릭하면 장바구니에 추가됩니다."
generic::SCR-S002::장바구니 패널 (우측 하단),장바구니 패널 (우측 하단),generic,담긴 상품 목록 / 수량 조절 / 현금 / 개별 상품 삭제 / 전체 삭제 버튼이 있습니다,,V2/D03-매출관리/매출관리.md,128,D03-매출관리 매출관리 > SCR-S002 POS 판매 > 2. UI 구성,"- 장바구니 패널 (우측 하단): 담긴 상품 목록, 수량 조절(-/+), 현금/카드 가격 유형 전환, 개별 상품 삭제, 전체 삭제 버튼이 있습니다. 여러 항목 선택 시 ""일괄 변경""으로 가격 정책·판매 담당자·판매 메모를 묶어서 바꿀 수 있습니다. 장바구니가 비어있으면 빈 상태 안내를 표시합니다."
generic::SCR-S002::귀속 요약 바,귀속 요약 바,generic,장바구니 하단에 상품 정책 기준 결제지점 / 이용지점 / 매출 귀속 지점 / 정산 지점 / 인센티브 귀속자 기본값을 요약 표시,,V2/D03-매출관리/매출관리.md,130,D03-매출관리 매출관리 > SCR-S002 POS 판매 > 2. UI 구성,- 귀속 요약 바: 장바구니 하단에 상품 정책 기준 결제지점 / 이용지점 / 매출 귀속 지점 / 정산 지점 / 인센티브 귀속자 기본값을 요약 표시합니다. 법인/홈&오피스/주말/통합 회원권이 포함되면 경고 배지를 함께 노출합니다.
generic::SCR-S003::PAY-01-13 내부 승인번호 영역,PAY-01-13 내부 승인번호 영역,generic,현금 / 회원 결제내역 / 영수증 / 인보이스 / 취소 / 환불 진입은 이 번호를 기준으로 조회,1,V2/D03-매출관리/매출관리.md,237,D03-매출관리 매출관리 > SCR-S003 결제 처리 > 2. UI 구성,"- PAY-01-13 내부 승인번호 영역: 결제 등록 완료 시 CRM 내부 승인번호를 1개 자동 생성합니다. 카드 2~3개, 현금, 계좌이체로 나눠 수납해도 같은 장바구니 결제는 하나의 내부 승인번호로 묶이며, 회원 결제내역·영수증·인보이스·취소/환불 진입은 이 번호를 기준으로 조회합니다."
generic::SCR-S003::PAY-01-14 현장 결제 등록 정보,PAY-01-14 현장 결제 등록 정보,generic,결제수단별 수납 행을 / 현금 / 계좌이체 / 금액 / 외부 승인번호 / 이체확인번호 / 승인 / 입금시각 / 입금자명(계좌이체 필수 / 현금영수증 처리 여부 / 영수증 파일 / 메모를 입력 / 달라도 허용하며 / 직원이 확인한 실제 입금자명을 저장 / PDF 첨부를 기준으로,1,V2/D03-매출관리/매출관리.md,239,D03-매출관리 매출관리 > SCR-S003 결제 처리 > 2. UI 구성,"- PAY-01-14 현장 결제 등록 정보: 결제수단별 수납 행을 1개 이상 입력합니다. 각 행에는 결제수단(카드/현금/계좌이체) / 금액 / 외부 승인번호 또는 이체확인번호 / 승인·입금시각 / 입금자명(계좌이체 필수) / 현금영수증 처리 여부 / 영수증 파일 / 메모를 입력합니다. 계좌이체 입금자명은 회원명과 달라도 허용하며, 직원이 확인한 실제 입금자명을 저장합니다. 영수증 파일은 필수이며 이미지/PDF 첨부를 기준으로 합니다."
generic::SCR-S003::PAY-01-15 상품별 계산·배분 그리드,PAY-01-15 상품별 계산·배분 그리드,generic,장바구니 상품마다 정가 / 수동 할인 / 최종 상품금액 / 포인트 배분액 / 수납행별 배분액 / 미수 잔액을 표시,3,V2/D03-매출관리/매출관리.md,241,D03-매출관리 매출관리 > SCR-S003 결제 처리 > 2. UI 구성,"- PAY-01-15 상품별 계산·배분 그리드: 장바구니 상품마다 정가, 수동 할인, 최종 상품금액, 포인트 배분액, 수납행별 배분액, 미수 잔액을 표시합니다. 운영자는 하나의 상품을 카드 2~3개, 현금, 계좌이체로 나눠 배분하거나 여러 상품을 하나의 수납행에 배분할 수 있습니다."
generic::SCR-S003::혼합결제 입력 그리드,혼합결제 입력 그리드,generic,현금 / 계좌이체 / 계좌이체 조합을 모두 허용,,V2/D03-매출관리/매출관리.md,243,D03-매출관리 매출관리 > SCR-S003 결제 처리 > 2. UI 구성,"- 혼합결제 입력 그리드: 카드+현금, 카드+계좌이체, 현금+계좌이체, 카드+현금+계좌이체 조합을 모두 허용합니다. 포인트 사용액은 혼합결제 행과 별도 필드로 관리합니다. 수납행 금액 합계와 상품별 배분 합계가 모두 맞아야 저장할 수 있습니다."
generic::SCR-S003::전자계약 후속 선택,전자계약 후속 선택,generic,"현장 결제 등록 완료 직후 ""계약서 미작성 / 계약서 작성"" 선택 단계를 노출",,V2/D03-매출관리/매출관리.md,265,D03-매출관리 매출관리 > SCR-S003 결제 처리 > 2. UI 구성,"- 전자계약 후속 선택: 현장 결제 등록 완료 직후 ""계약서 미작성 / 계약서 작성"" 선택 단계를 노출합니다. 계약서 작성 선택 시 강습 / 개인락커 / 양도 / 회원권 / 일일이용 유형 중 맞는 계약서를 고릅니다."
generic::SCR-S008::요약 지표 카드 (4개),요약 지표 카드 (4개),generic,미수금 총액 / 미수금 건수 / 본사 정책 기준 연체 알림 대상 건수 / 이번 달 회수액을 상단에 표시,4,V2/D03-매출관리/매출관리.md,542,D03-매출관리 매출관리 > SCR-S008 미수금 관리 > 2. UI 구성,- 요약 지표 카드 (4개): 미수금 총액 / 미수금 건수 / 본사 정책 기준 연체 알림 대상 건수 / 이번 달 회수액을 상단에 표시합니다. HQ-09 결제기한 만료 본사 정책 step에서 설정한 N일 기준에 해당하는 건이 있을 때 해당 카드에 경고 강조 테두리가 표시됩니다.
generic::SCR-S008::상태 탭 (5개),상태 탭 (5개),generic,미결제 / 일부결제 / 연체 / 완료,5,V2/D03-매출관리/매출관리.md,544,D03-매출관리 매출관리 > SCR-S008 미수금 관리 > 2. UI 구성,- 상태 탭 (5개): 전체 / 미결제 / 일부결제 / 연체 / 완료 탭을 제공하며 각 탭에 해당 건수 배지가 표시됩니다. 결제링크 발송만 된 건은 이 탭에 포함하지 않습니다.
generic::SCR-S008::발생 유형,발생 유형,generic,계약금 잔액 / 수기 분할 / 정기 할부 미납 중 하나를 표시,,V2/D03-매출관리/매출관리.md,550,D03-매출관리 매출관리 > SCR-S008 미수금 관리 > 2. UI 구성,"- 발생 유형: 계약금 잔액, 수기 분할, 정기 할부 미납 중 하나를 표시합니다."
generic::SCR-S012::혼합결제 환불 분해표,혼합결제 환불 분해표,generic,현금 / 계좌이체 / 마일리지(포인트)별 원수납액 / 기환불액 / 이번 환불 배분액 / 잔여 환불 가능액을 행 단위로 보여줍니다,,V2/D03-매출관리/매출관리.md,713,D03-매출관리 매출관리 > SCR-S012 결제 취소 / 부분 환불 > 2. UI 구성,"- 혼합결제 환불 분해표: 카드/현금/계좌이체/마일리지(포인트)별 원수납액, 기환불액, 이번 환불 배분액, 잔여 환불 가능액을 행 단위로 보여줍니다. 각 수납행은 CRM 내부 승인번호와 연결되며, 상품별 배분액을 함께 표시합니다. 수단별 자동 분해 정책 확정 전에는 환불 수단과 배분 메모를 수기로 기록합니다."
generic::SCR-S012::환불 수단 확인,환불 수단 확인,generic,원래 결제수단 / 결제경로(현장 영수증 등록 / 결제링크)에 따라 환불 방법을 안내,,V2/D03-매출관리/매출관리.md,721,D03-매출관리 매출관리 > SCR-S012 결제 취소 / 부분 환불 > 2. UI 구성,"- 환불 수단 확인: 원래 결제수단과 결제경로(현장 영수증 등록 / 결제링크)에 따라 환불 방법을 안내합니다. 현장 등록 건은 외부 POS/현금/계좌이체 환불 완료 증빙을 확인하고, 결제링크 건은 PG 환불 상태를 확인합니다. 외부 처리 상태와 영수증/증빙 메모는 수기로 입력할 수 있습니다. 카드 수납행 취소는 기본적으로 외부 승인금액 단위 전체 취소를 원칙으로 안내합니다."
generic::SCR-S012::환불 처리 전 최종 확인 팝업,환불 처리 전 최종 확인 팝업,generic,환불 대상 결제 / 환불 유형 / 기사용 차감금 / 위약금 / 기환불 누계 / 이번 환불 가능액 / 최종 환불액 / 환불 사유 / 환불 수단 / 외부 처리 증빙 / 쿠폰 / 마일리지 복원 내역을 최종 확인,,V2/D03-매출관리/매출관리.md,725,D03-매출관리 매출관리 > SCR-S012 결제 취소 / 부분 환불 > 2. UI 구성,"- 환불 처리 전 최종 확인 팝업: 환불 대상 결제, 환불 유형, 기사용 차감금, 위약금, 기환불 누계, 이번 환불 가능액, 최종 환불액, 환불 사유, 환불 수단, 외부 처리 증빙, 쿠폰/마일리지 복원 내역을 최종 확인합니다. Owner(지점장)은 ""처리 완료""로 즉시 확정하고, manager/fc는 ""승인 요청""으로 저장합니다."
notification_channels,알림 채널,canonical,카카오톡 / Push / SMS,,V2/D03-매출관리/매출관리.md,1355,D03-매출관리 매출관리 > DLG-S016 결제링크 발송 > 2. UI 구성,"| 발송 채널 | 회원앱 Push 기본, KakaoTalk fallback 선택. SMS 자동 전환 없음 |"
payment_link_statuses,결제링크 상태값,canonical,결제완료 / 발송실패 / 발송됨 / 무효화 / 만료,,V2/D03-매출관리/운영정책.md,74,D03-매출관리 매출관리 — 운영정책 > 2. 상태 / 운영 정의,- 결제링크 상태값: 발송됨 / 결제완료 / 만료 / 무효화 / 발송실패. 열람됨 상태와 미결제는 결제링크 상태값으로 사용하지 않는다.
payment_link_member_display_status,결제링크 회원상세 표시상태,canonical,미결제 / 발송됨,,V2/D03-매출관리/운영정책.md,76,D03-매출관리 매출관리 — 운영정책 > 2. 상태 / 운영 정의,"- 회원상세 표시상태: 결제링크 발송 후 결제 완료 전 회원상세 결제내역 행에는 미결제만 표시한다. 발송됨은 PAY-06 내부 링크 상태값이며, 화면에는 결제링크 재발송·무효화 버튼 노출 기준으로만 사용한다. 이 미결제 표시는 SCR-S008 미수금의 미결제 상태와 섞지 않는다."
class_session_types,강습 세션 유형,canonical,PT / GX / 골프 / 기타,4,V2/D04-수업관리/수업관리.md,29,D04-수업관리 수업관리 > 도메인 개요,"- 강습 세션 유형은 PT / GX / 골프 / 기타 4종으로 고정하며, 기본값은 수업 유형과 동일하게 설정합니다. 이 값은 SCR-094 KPI 대시보드의 강습세션수 집계 축입니다."
generic::SCR-C012::자동 배정 정책 상태,자동 배정 정책 상태,generic,D10 SCR-H1001 대기열 자동 알림 / 배정 정책 ON / OFF를 읽기 전용,,V2/D04-수업관리/수업관리.md,318,D04-수업관리 수업관리 > SCR-C012 대기열 관리 > 2. UI 구성,- 자동 배정 정책 상태: D10 SCR-H1001 대기열 자동 알림/배정 정책 ON/OFF를 읽기 전용 배지로 표시합니다. 본 화면에서는 토글을 변경하지 않습니다.
class_session_types,강습 세션 유형,canonical,PT / GX / 골프 / 기타,,V2/D04-수업관리/수업관리.md,527,D04-수업관리 수업관리 > DLG-C001 수업 등록/수정 (캘린더) > 2. UI 구성,- 강습 세션 유형: PT / GX / 골프 / 기타 선택. 강습세션수 KPI 집계 대상 수업일 때 필수
class_session_types,강습 세션 유형,canonical,PT / GX / 골프 / 기타,,V2/D04-수업관리/수업관리.md,552,D04-수업관리 수업관리 > DLG-C002 일정 상세 > 2. UI 구성,- 강습 세션 유형 배지: 강습세션수 KPI 대상 수업인 경우 PT / GX / 골프 / 기타 중 하나를 표시
generic::SCR-P002::> 유형,> 유형,generic,화면 / 우측 패널,,V2/D05-상품관리/상품관리.md,120,D05-상품관리 상품관리 > SCR-P002 상품 등록,> 유형: 화면/우측 패널
generic::SCR-P005::각 카드,각 카드,generic,상품명 / 가격 / 기간 / 횟수 / 주요 혜택 요약,,V2/D05-상품관리/상품관리.md,271,D05-상품관리 상품관리 > SCR-P005 상품 카탈로그 > 카탈로그 뷰,"- 각 카드: 상품명, 가격, 기간/횟수, 주요 혜택 요약"
product_categories,상품 대분류,canonical,회원권 / 수강권 / 운동복 / 락커 / 일반,,V2/D05-상품관리/상품관리.md,272,D05-상품관리 상품관리 > SCR-P005 상품 카탈로그 > 카탈로그 뷰,"- 상품 대분류별 색상 구분(회원권, 수강권, 락커, 운동복, 일반)"
product_categories,상품 대분류,canonical,회원권 / 수강권 / 운동복 / 락커 / 일반,1,V2/D05-상품관리/상품관리.md,278,D05-상품관리 상품관리 > SCR-P005 상품 카탈로그 > 필터 바,- 1단계 상품 대분류 탭 필터 (회원권 / 수강권 / 락커 / 운동복 / 일반)
generic::DLG-P022-입출고이력::이력 유형 필터,이력 유형 필터,generic,입고 / 출고 / 조정,,V2/D05-상품관리/상품관리.md,1713,D05-상품관리 상품관리 > DLG-P022-입출고이력 입출고 이력 조회 > 2. UI 구성,- 이력 유형 필터: 전체 / 입고 / 출고 / 조정
generic::SCR-051::현황 요약 카드,현황 요약 카드,generic,총 사물함 수 / 사용 가능 수 / 사용중 수 / 시간 초 / 수 / 상태 비정상 수를,5,V2/D06-시설관리/시설관리.md,104,D06-시설관리 시설관리 > SCR-051 사물함 배정 관리 > 2. UI 구성,- 현황 요약 카드: 총 사물함 수 / 사용 가능 수 / 사용중 수 / 시간 초과 수 / 상태 비정상 수를 5개 카드로 표시합니다.
generic::SCR-051::자동 회수 정책 상태 배지,자동 회수 정책 상태 배지,generic,실제 일괄 회수 ON / OFF 상태를 읽기 전용,0,V2/D06-시설관리/시설관리.md,105,D06-시설관리 시설관리 > SCR-051 사물함 배정 관리 > 2. UI 구성,- 자동 회수 정책 상태 배지: D09 SCR-080A 지점 자동화 적용의 일일 사물함 22:00 상태 갱신(고정 ON)과 실제 일괄 회수 ON/OFF 상태를 읽기 전용으로 표시합니다.
generic::SCR-051::사물함 유형 탭,사물함 유형 탭,generic,일일 사물함 / 개인 사물함 / 골프 사물함으로,,V2/D06-시설관리/시설관리.md,106,D06-시설관리 시설관리 > SCR-051 사물함 배정 관리 > 2. UI 구성,- 사물함 유형 탭: 일일 사물함 · 개인 사물함 · 골프 사물함으로 탭을 분리합니다. 각 탭에 현재 사물함 수를 표시합니다.
generic::SCR-052::현황 요약 카드,현황 요약 카드,generic,활성 사용중 수 / 미사용 / 해제 / 분실 합계 수,3,V2/D06-시설관리/시설관리.md,192,D06-시설관리 시설관리 > SCR-052 밴드/카드 관리 > 2. UI 구성,"- 현황 요약 카드: 전체 카드 수, 활성 사용중 수, 미사용 및 해제 및 분실 합계 수 총 3개 카드로 표시합니다."
generic::SCR-052::검색 및 상태 필터,검색 및 상태 필터,generic,회원명으로 검색하고 / 상태(활성 / 분실 / 해제)로,,V2/D06-시설관리/시설관리.md,193,D06-시설관리 시설관리 > SCR-052 밴드/카드 관리 > 2. UI 구성,"- 검색 및 상태 필터: 카드 번호 또는 회원명으로 검색하고, 상태(활성/분실/해제)로 필터링합니다."
generic::SCR-052::카드 목록 테이블,카드 목록 테이블,generic,등록된 모든 RFID / 밴드의 목록을 표시,,V2/D06-시설관리/시설관리.md,194,D06-시설관리 시설관리 > SCR-052 밴드/카드 관리 > 2. UI 구성,- 카드 목록 테이블: 등록된 모든 RFID 카드·밴드의 목록을 표시합니다.
generic::SCR-052::표시 항목,표시 항목,generic,순번 / 등록일 / 연결 회원명 / 연락처 / 사용자 유형(회원 / 직원 / 상태 / 배정일 / 연결 사물함,,V2/D06-시설관리/시설관리.md,195,D06-시설관리 시설관리 > SCR-052 밴드/카드 관리 > 2. UI 구성,- 표시 항목: 순번 / 등록일 / 카드 번호 / 연결 회원명 / 연락처 / 사용자 유형(회원·직원) / 상태 / 배정일 / 연결 사물함
generic::SCR-052::신규 등록 버튼,신규 등록 버튼,generic,RFID / 밴드를 새로 등록,,V2/D06-시설관리/시설관리.md,198,D06-시설관리 시설관리 > SCR-052 밴드/카드 관리 > 2. UI 구성,- 신규 등록 버튼: RFID 카드·밴드를 새로 등록합니다.
generic::SCR-053::현황 요약 카드,현황 요약 카드,generic,전체 룸 수 / 운영중 수 / 점검 / 고장 / 미사용 합계 수 / GX / PT 룸 구성 수,4,V2/D06-시설관리/시설관리.md,277,D06-시설관리 시설관리 > SCR-053 운동룸 관리 > 2. UI 구성,"- 현황 요약 카드: 전체 룸 수, 운영중 수, 점검 및 고장 및 미사용 합계 수, GX 및 PT 룸 구성 수 총 4개 카드로 표시합니다."
generic::SCR-053::유형 필터,유형 필터,generic,GX / PT / 스피닝 / 필라테스 / 기타로,,V2/D06-시설관리/시설관리.md,279,D06-시설관리 시설관리 > SCR-053 운동룸 관리 > 2. UI 구성,- 유형 필터: 전체 · GX · PT · 스피닝 · 필라테스 · 기타로 필터링합니다.
generic::SCR-053::카드 내용,카드 내용,generic,룸명 / 유형 / 수용 인원 / 게이트 / 운영 상태 / 룸 설명 / 오늘 시간대별 예약 현황 슬롯 바 / 수정 / 삭제 버튼,,V2/D06-시설관리/시설관리.md,281,D06-시설관리 시설관리 > SCR-053 운동룸 관리 > 2. UI 구성,- 카드 내용: 룸명 / 유형 배지 / 수용 인원 / 게이트 / 운영 상태 배지 / 룸 설명 / 오늘 시간대별 예약 현황 슬롯 바 / 수정·삭제 버튼.
generic::SCR-053::3. 룸 등록,3. 룸 등록,generic,유형 / 수용 인원,,V2/D06-시설관리/시설관리.md,290,D06-시설관리 시설관리 > SCR-053 운동룸 관리 > 3. 액션 / 흐름,3. 룸 등록: [새 운동룸 등록] 클릭 -> 룸명·유형·수용 인원·설명 입력 -> 저장.
generic::SCR-054::현황 요약 카드,현황 요약 카드,generic,전체 타석 수 / 사용중 / 대기(빈 타석 / 예약 / 대기열 인원을,5,V2/D06-시설관리/시설관리.md,360,D06-시설관리 시설관리 > SCR-054 골프 타석 관리 > 2. UI 구성,- 현황 요약 카드: 전체 타석 수 / 사용중 / 대기(빈 타석) / 예약 / 대기열 인원을 5개 카드로 표시합니다.
generic::SCR-054::각 카드 내용,각 카드 내용,generic,타석 번호 / 상태 / 이용 회원명 / 담당 프로명 / 남은 시간 카운트다운 / 프로젝터 on / off 토글 / 시작 / 종료 / 이동 / 점검 버튼,,V2/D06-시설관리/시설관리.md,371,D06-시설관리 시설관리 > SCR-054 골프 타석 관리 > 2. UI 구성,- 각 카드 내용: 타석 번호 / 상태 배지 / 이용 회원명 / 담당 프로명 / 남은 시간 카운트다운 / 프로젝터 on/off 토글 / 시작·종료·이동·점검 버튼.
generic::SCR-055::현황 요약 카드,현황 요약 카드,generic,전체 품목 수 / 정상 재고 품목 수 / 부족 재고 품목 수 / 품절 품목 수를 표시,,V2/D06-시설관리/시설관리.md,467,D06-시설관리 시설관리 > SCR-055 상품 재고 관리 > 2. UI 구성,- 현황 요약 카드: 전체 품목 수 / 정상 재고 품목 수 / 부족 재고 품목 수 / 품절 품목 수를 표시합니다.
generic::SCR-055::상태 탭,상태 탭,generic,정상 / 부족 / 품절,,V2/D06-시설관리/시설관리.md,468,D06-시설관리 시설관리 > SCR-055 상품 재고 관리 > 2. UI 구성,- 상태 탭: 전체 · 정상 · 부족 · 품절 탭으로 필터링하고 각 탭에 건수를 표시합니다.
generic::SCR-056::현황 요약 카드,현황 요약 카드,generic,전체 장비 수 / 점검 예정(7일 이내) 수 / 수리 중 수 / 정상 운영 수를 표시,,V2/D06-시설관리/시설관리.md,545,D06-시설관리 시설관리 > SCR-056 장비 점검 일정 > 2. UI 구성,- 현황 요약 카드: 전체 장비 수 / 점검 예정(7일 이내) 수 / 수리 중 수 / 정상 운영 수를 표시합니다.
generic::SCR-056::표시 항목,표시 항목,generic,장비명 / 장비 유형 / 설치 위치 / 마지막 점검일 / 다음 점검 예정일 / 점검 주기 / 현재 상태(정상 / 점검 예정 / 수리중 / 고장 / 액션 버튼,,V2/D06-시설관리/시설관리.md,547,D06-시설관리 시설관리 > SCR-056 장비 점검 일정 > 2. UI 구성,- 표시 항목: 장비명 / 장비 유형 / 설치 위치 / 마지막 점검일 / 다음 점검 예정일 / 점검 주기 / 현재 상태(정상·점검 예정·수리중·고장) / 액션 버튼.
generic::SCR-057::현황 요약 카드,현황 요약 카드,generic,전체 품목 수 / 재고 부족 품목 수 / 이번 달 총 출고량 / 발주 대기 건수를 표시,,V2/D06-시설관리/시설관리.md,631,D06-시설관리 시설관리 > SCR-057 소모품 재고 관리 > 2. UI 구성,- 현황 요약 카드: 전체 품목 수 / 재고 부족 품목 수 / 이번 달 총 출고량 / 발주 대기 건수를 표시합니다.
generic::SCR-058::오늘의 청소 현황 카드,오늘의 청소 현황 카드,generic,오늘 전체 청소 구역 수 / 완료 구역 수 / 미완료 구역 수 / 완료율(%)을 표시,,V2/D06-시설관리/시설관리.md,716,D06-시설관리 시설관리 > SCR-058 청소 스케줄 > 2. UI 구성,- 오늘의 청소 현황 카드: 오늘 전체 청소 구역 수 / 완료 구역 수 / 미완료 구역 수 / 완료율(%)을 표시합니다.
generic::SCR-058::표시 항목,표시 항목,generic,구역명 / 청소 유형(일일 / 정기 / 담당자 / 예정 시간 / 완료 여부 체크박스 / 완료 시간,,V2/D06-시설관리/시설관리.md,718,D06-시설관리 시설관리 > SCR-058 청소 스케줄 > 2. UI 구성,- 표시 항목: 구역명 / 청소 유형(일일·정기) / 담당자 / 예정 시간 / 완료 여부 체크박스 / 완료 시간.
generic::SCR-058::3. 스케줄 등록,3. 스케줄 등록,generic,청소 유형 / 담당자 / 주기,,V2/D06-시설관리/시설관리.md,727,D06-시설관리 시설관리 > SCR-058 청소 스케줄 > 3. 액션 / 흐름,3. 스케줄 등록: [청소 스케줄 등록] 버튼 클릭 -> 구역명·청소 유형·담당자·주기·예정 시간 입력 -> 저장.
generic::SCR-059::탭 구조,탭 구조,generic,운동룸(SCR-053 / 골프 타석 / 기타 공간,,V2/D06-시설관리/시설관리.md,799,D06-시설관리 시설관리 > SCR-059 공간 자산 관리 > 2. UI 구성,- 탭 구조: 운동룸(SCR-053) / 골프 타석 / 기타 공간. 기본 탭은 운동룸입니다.
generic::DLG-052-001::사용자 유형 선택,사용자 유형 선택,generic,회원 / 직원 중 하나를 선택,,V2/D06-시설관리/시설관리.md,1206,D06-시설관리 시설관리 > DLG-052-001 RFID 등록/수정 > 2. UI 구성,- 사용자 유형 선택: 회원 / 직원 중 하나를 선택합니다.
generic::DLG-052-002::이력 테이블,이력 테이블,generic,등록일 / 회원명 / 상태를 시간 역순,,V2/D06-시설관리/시설관리.md,1288,D06-시설관리 시설관리 > DLG-052-002 RFID 이력 조회 > 2. UI 구성,- 이력 테이블: 등록일 / 카드 번호 / 회원명 / 상태를 시간 역순으로 표시합니다.
generic::DLG-053-001::유형 선택,유형 선택,generic,GX / PT / 스피닝 / 필라테스 / 기타 중 하나를 버튼,,V2/D06-시설관리/시설관리.md,1440,D06-시설관리 시설관리 > DLG-053-001 룸 등록/수정 > 2. UI 구성,- 유형 선택: GX / PT / 스피닝 / 필라테스 / 기타 중 하나를 버튼으로 선택합니다.
generic::DLG-056-001::장비 유형 선택,장비 유형 선택,generic,유산소기구 / 웨이트기구 / GX장비 / 기타,,V2/D06-시설관리/시설관리.md,1590,D06-시설관리 시설관리 > DLG-056-001 장비 등록 > 2. UI 구성,- 장비 유형 선택: 유산소기구 / 웨이트기구 / GX장비 / 기타 중 선택합니다.
generic::DLG-057-002::처리 유형 선택,처리 유형 선택,generic,입고 / 출고 / 버튼,,V2/D06-시설관리/시설관리.md,1912,D06-시설관리 시설관리 > DLG-057-002 입출고 처리 > 2. UI 구성,- 처리 유형 선택: 입고 / 출고 탭 또는 버튼으로 선택합니다.
generic::DLG-058-001::청소 유형 선택,청소 유형 선택,generic,일일 청소 / 주간 청소 / 월간 청소,,V2/D06-시설관리/시설관리.md,2077,D06-시설관리 시설관리 > DLG-058-001 청소 스케줄 등록 > 2. UI 구성,- 청소 유형 선택: 일일 청소 / 주간 청소 / 월간 청소 중 선택합니다.
generic::global::상태 필터,상태 필터,generic,활성 / 분실 / 해제,,V2/D06-시설관리/운영정책.md,50,D06-시설관리 시설관리 — 운영정책 > 2. 상태 / 운영 정의,- 상태 필터: 활성 / 분실 / 해제
generic::SCR-073::요약 지표 카드 4종,요약 지표 카드 4종,generic,전체 쿠폰 수 / 발급 건수 / 사용 건수 / 평균 사용률,4,V2/D08-마케팅/마케팅.md,95,D08-마케팅 마케팅 > SCR-073 쿠폰 관리 > 2. UI 구성,"- 요약 지표 카드 4종: 전체 쿠폰 수 / 발급 건수 / 사용 건수 / 평균 사용률. 전체 쿠폰 수는 활성·만료·중단 쿠폰을 포함하고 삭제된 쿠폰은 제외합니다. 발급 건수는 회원에게 발급 완료된 누적 건수, 사용 건수는 현재 사용 완료 상태의 건수입니다. 환불로 미사용 복원된 쿠폰은 사용 건수에서 제외하고 사용 이력에는 남깁니다. 평균 사용률은 사용 건수 ÷ 발급 건수 × 100이며 발급 0건은 0%로 표시합니다."
generic::SCR-076::캠페인 목록,캠페인 목록,generic,캠페인명 / 목표 / 대상 세그먼트 / 기간 / 상태(준비 / 진행 / 종료 / 실적 요약,,V2/D08-마케팅/마케팅.md,170,D08-마케팅 마케팅 > SCR-076 캠페인 관리 > 2. UI 구성,- 캠페인 목록: 캠페인명 / 목표 / 대상 세그먼트 / 기간 / 상태(준비·진행·종료) / 실적 요약 컬럼으로 구성됩니다.
generic::SCR-077::리퍼럴 이벤트 목록,리퍼럴 이벤트 목록,generic,이벤트명 / 추천인 혜택 / 피추천인 혜택 / 기간 / 참여 수 / 상태,,V2/D08-마케팅/마케팅.md,209,D08-마케팅 마케팅 > SCR-077 리퍼럴 프로그램 > 2. UI 구성,- 리퍼럴 이벤트 목록: 이벤트명 / 추천인 혜택 / 피추천인 혜택 / 기간 / 참여 수 / 상태 컬럼으로 구성됩니다.
signup_paths,가입경로,canonical,지역카페 / 회원소개 / 블로그 / 인스타 / 현수막 / 전단지 / 간판 / 당근 / 기타,9,V2/D08-마케팅/운영정책.md,23,D08-마케팅 마케팅 — 운영정책 > 1. 핵심 원칙,"- 외부 신규 DB 컬럼 매핑: 경로 필드는 문의 유형(방문(WI) / 전화문의(TI) / 체험 / 일일입장)으로 매핑하고, 상세 경로1과 상세 경로2는 가입경로 단일 필드로 통합 매핑한다. 가입경로 9종은 간판 / 블로그 / 인스타 / 당근 / 지역카페 / 현수막 / 전단지 / 회원소개 / 기타로 고정한다."
signup_paths,가입경로,canonical,지역카페 / 회원소개 / 블로그 / 인스타 / 현수막 / 전단지 / 간판 / 당근 / 기타,9,V2/D08-마케팅/운영정책.md,26,D08-마케팅 마케팅 — 운영정책 > 1. 핵심 원칙,"- 리드 단계의 가입경로와 실제 첫 정상 결제 완료 회원의 가입경로는 다를 수 있으므로, 첫 정상 결제 완료 기준 가입경로 분포를 별도 표시한다. 가입경로 집계는 간판 / 블로그 / 인스타 / 당근 / 지역카페 / 현수막 / 전단지 / 회원소개 / 기타 9종을 기준으로 한다."
iot_device_types,IoT 기기 종류,canonical,InBody 측정기 / 락커 컨트롤러 / 출입 게이트 / 키오스크,4,V2/D09-설정관리/설정관리.md,125,D09-설정관리 설정관리 > SCR-082A 키오스크 IoT 설정 > 1. 목적,- 고정 기기 종류는 출입 게이트 / 키오스크 / 락커 컨트롤러 / InBody 측정기 4종입니다.
iot_device_types,IoT 기기 종류,canonical,InBody 측정기 / 락커 컨트롤러 / 출입 게이트 / 키오스크,4,V2/D09-설정관리/운영정책.md,89,D09-설정관리 설정관리 — 운영정책 > 6. 정책 결정 근거,"- IoT 기기 종류는 4종으로 고정하고, 문서 내 다른 표현이 있으면 출입 게이트 / 키오스크 / 락커 컨트롤러 / InBody 측정기로 정규화한다."
iot_device_types,IoT 기기 종류,canonical,InBody 측정기 / 락커 컨트롤러 / 출입 게이트 / 키오스크,4,V2/D09-설정관리/운영정책.md,112,D09-설정관리 설정관리 — 운영정책 > 7. 운영 예외 처리,"| 지원하지 않는 기기 종류 등록 | ""지원 기기 종류는 4종입니다"" | 출입 게이트 / 키오스크 / 락커 컨트롤러 / InBody 측정기 중 선택 | IoT-02 |"
generic::SCR-090::표시 항목,표시 항목,generic,발생 시각 / 작업자 / 작업 유형 / 대상 / 요약 문구,,V2/D10-본사관리/본사관리.md,92,D10-본사관리 본사관리 > SCR-090 지점 대시보드 > 최근 활동 로그,"- 표시 항목: 발생 시각, 작업자, 작업 유형, 대상, 요약 문구"
class_types,수업 유형,canonical,PT / GX / 골프 / 기타,4,V2/D10-본사관리/본사관리.md,447,D10-본사관리 본사관리 > SCR-094 KPI 대시보드 > 강습 세션 유형별 운영 KPI,"- 수업 유형과 동일한 PT/GX/골프/기타 4종 축으로 표시하며, GX 세부 종목 5종 분포와는 별도 축으로 분리합니다."
signup_paths,가입경로,canonical,지역카페 / 회원소개 / 블로그 / 인스타 / 현수막 / 전단지 / 간판 / 당근 / 기타,9,V2/D10-본사관리/본사관리.md,579,D10-본사관리 본사관리 > SCR-096 온보딩 대시보드 > 상담/가입 경로 분포,- [주간월간보고]의 등록자 기준 가입경로 9개 버킷(간판 / 블로그 / 인스타 / 당근 / 지역카페 / 현수막 / 전단지 / 회원소개 / 기타)을 막대 차트로 표시합니다.
inquiry_types,문의 유형,canonical,전화문의(TI / 방문(WI / 일일입장 / 체험,9,V2/D10-본사관리/본사관리.md,581,D10-본사관리 본사관리 > SCR-096 온보딩 대시보드 > 상담/가입 경로 분포,"- 외부 신규 DB 원천은 docs/03_템플릿/지점파일템플릿/2025년 12월 광화문점 신규통합 DB.xlsx의 신규통합DB 시트 형식입니다. 경로 필드는 문의 유형(방문(WI) / 전화문의(TI) / 체험 / 일일입장)으로 매핑하고, 상세 경로1과 상세 경로2는 가입경로 9종으로 통합 매핑합니다."
signup_paths,가입경로,canonical,지역카페 / 회원소개 / 블로그 / 인스타 / 현수막 / 전단지 / 간판 / 당근 / 기타,9,V2/D10-본사관리/본사관리.md,583,D10-본사관리 본사관리 > SCR-096 온보딩 대시보드 > 상담/가입 경로 분포,- [주간월간보고]의 WI 가입경로와 TI 가입경로는 각각 별도 9개 버킷으로 분리해 표시합니다. 두 구간 모두 보고서 표시용 버킷이며 순서는 간판 / 블로그 / 인스타 / 당근 / 지역카페 / 현수막 / 전단지 / 회원소개 / 기타입니다.
generic::SCR-099::상담 전환 분석 옵션 (체크박스),상담 전환 분석 옵션 (체크박스),generic,문의 유형 / 가입경로별 전환율을 리포트 미리보기에 추가 표시,,V2/D10-본사관리/본사관리.md,674,D10-본사관리 본사관리 > SCR-099 리포트 생성 > 리포트 설정 패널,- 상담 전환 분석 옵션 (체크박스): 활성화 시 SCR-094 KPI 퍼널 데이터를 토대로 리드 유입 -> 상담 완료 -> 회원 등록 단계별 전환율과 문의 유형·가입경로별 전환율을 리포트 미리보기에 추가 표시합니다. CSV/엑셀 내보내기 시 전환 분석 컬럼이 함께 포함됩니다.
generic::SCR-H1001::정책 유형 필터,정책 유형 필터,generic,회원 이용권 만료 / 결제기한 만료 / 락커 만료 / 수업 운영 자동화 / 운영 자동화로,,V2/D10-본사관리/본사관리.md,741,D10-본사관리 본사관리 > SCR-H1001 자동화 정책 라이브러리 > 2. UI 구성,- 정책 유형 필터: 전체 / 회원 이용권 만료 / 결제기한 만료 / 락커 만료 / 수업 운영 자동화 / 운영 자동화로 필터링한다.
generic::SCR-H1001::Step 미리보기 패널,Step 미리보기 패널,generic,정책 행 / D / 숫자 / 발송 시각 / 반복 주기 / 기본 채널(회원앱 Push 기본 / KakaoTalk fallback 선택 / 메시지 템플릿 / 기본 활성값 / 지점 제어 가능 여부를 표시,,V2/D10-본사관리/본사관리.md,768,D10-본사관리 본사관리 > SCR-H1001 자동화 정책 라이브러리 > 2. UI 구성,"- Step 미리보기 패널: 정책 행 또는 카드를 선택하면 기준일(D-숫자/D-Day/D+숫자), 발송 시각, 반복 주기, 기본 채널(회원앱 Push 기본, KakaoTalk fallback 선택), 메시지 템플릿, 기본 활성값, 지점 제어 가능 여부를 표시한다. 결제기한 만료 step에서는 미수/연체 알림 N일과 운영자 알림 발송 시각을 함께 표시한다."
notification_channels,알림 채널,canonical,Push / 카카오톡 / SMS,,V2/D10-본사관리/본사관리.md,1118,D10-본사관리 본사관리 > SCR-H1005 NPS 설문 > 설문 발송 관리,- 발송 채널 선택 (Push / 카카오톡 / SMS)
role_codes,권한 역할 코드,canonical,superAdmin / readonly / primary / manager / trainer / owner / staff / fc,8,V2/D10-본사관리/운영정책.md,16,D10-본사관리 본사관리 — 운영정책 > 1. 핵심 원칙,"- 관리자 웹 표준 역할 코드는 superAdmin, primary, owner, manager, fc, trainer, staff, readonly 8개를 기준으로 한다. owner의 화면 표시명은 Owner(지점장)으로 통일한다."
iot_device_types,IoT 기기 종류,canonical,InBody 측정기 / 락커 컨트롤러 / 출입 게이트 / 키오스크,4,V2/D11-통합운영/운영정책.md,17,D11-통합운영 통합운영 — 운영정책 > 1. 핵심 원칙,- CRM에서 사용하는 고정 기기 종류는 출입 게이트 / 키오스크 / 락커 컨트롤러 / InBody 측정기 4종이다.
"generic::global::(락커 번호, 회원, 유형, 상태 필터); FAC-EXT-01-01","(락커 번호, 회원, 유형, 상태 필터); FAC-EXT-01-01",generic,791행 FAC-EXT-01 옷 락커 / 고정 물품 락커 (분리 운영,,V2/D11-통합운영/통합운영.md,81,D11-통합운영 통합운영 > 범위 제한: IoT 상태/이벤트 수신 기준 > 4. D11에서 금지되는 액션,"(락커 번호, 회원, 유형, 상태 필터); FAC-EXT-01-01: 791행 FAC-EXT-01 옷 락커 / 고정 물품 락커 (분리 운영)"
"generic::global::(락커 번호, 회원, 유형, 상태 필터); FAC-EXT-01-05","(락커 번호, 회원, 유형, 상태 필터); FAC-EXT-01-05",generic,791행 FAC-EXT-01 옷 락커 / 고정 물품 락커 (분리 운영,,V2/D11-통합운영/통합운영.md,85,D11-통합운영 통합운영 > 범위 제한: IoT 상태/이벤트 수신 기준 > 4. D11에서 금지되는 액션,"(락커 번호, 회원, 유형, 상태 필터); FAC-EXT-01-05: 791행 FAC-EXT-01 옷 락커 / 고정 물품 락커 (분리 운영)"
"generic::SCR-I004::(락커 번호, 회원, 유형, 상태 필터); FAC-EXT-01-01","(락커 번호, 회원, 유형, 상태 필터); FAC-EXT-01-01",generic,791행 FAC-EXT-01 옷 락커 / 고정 물품 락커 (분리 운영,,V2/D11-통합운영/통합운영.md,122,D11-통합운영 통합운영 > SCR-I004 옷 락커 운영 관리 > 7. 연동 / 자동화 참조,"(락커 번호, 회원, 유형, 상태 필터); FAC-EXT-01-01: 791행 FAC-EXT-01 옷 락커 / 고정 물품 락커 (분리 운영)"
"generic::SCR-I004::(락커 번호, 회원, 유형, 상태 필터); FAC-EXT-01-05","(락커 번호, 회원, 유형, 상태 필터); FAC-EXT-01-05",generic,791행 FAC-EXT-01 옷 락커 / 고정 물품 락커 (분리 운영,,V2/D11-통합운영/통합운영.md,126,D11-통합운영 통합운영 > SCR-I004 옷 락커 운영 관리 > 7. 연동 / 자동화 참조,"(락커 번호, 회원, 유형, 상태 필터); FAC-EXT-01-05: 791행 FAC-EXT-01 옷 락커 / 고정 물품 락커 (분리 운영)"
role_codes,권한 역할 코드,canonical,superAdmin / readonly / primary / manager / trainer / owner / staff / fc,8,핏지니_정책.md,20,docs4 확정 정책집 > 1. 권한 / 역할 정책,"- 관리자 웹 표준 역할 코드는 superAdmin, primary, owner, manager, fc, trainer, staff, readonly 8종으로 고정한다."
member_status_tabs,회원 상태 필터 탭,canonical,미등록 / 전체 / 활성 / 만료 / 예정 / 임박 / 홀딩 / 탈퇴,8,핏지니_정책.md,81,docs4 확정 정책집 > 5. 회원 / 리드 정책,"- 회원 목록 상태 필터는 전체, 활성, 만료, 예정, 임박, 홀딩, 미등록, 탈퇴 총 8개 탭으로 운영한다. 전체는 집계 탭이고 나머지 7개는 실제 회원 상태값이다."
inquiry_types,문의 유형,canonical,전화문의(TI / 방문(WI / 일일입장 / 체험,,핏지니_정책.md,92,docs4 확정 정책집 > 5. 회원 / 리드 정책,"- 외부 신규 DB의 경로 필드는 문의 유형(방문(WI), 전화문의(TI), 체험, 일일입장)으로 매핑한다."
signup_paths,가입경로,canonical,지역카페 / 회원소개 / 블로그 / 인스타 / 현수막 / 전단지 / 간판 / 당근 / 기타,9,핏지니_정책.md,94,docs4 확정 정책집 > 5. 회원 / 리드 정책,"- 가입경로는 간판, 블로그, 인스타, 당근, 지역카페, 현수막, 전단지, 회원소개, 기타 9종으로 고정한다."
class_types,수업 유형,canonical,PT / GX / 골프 / 기타,4,핏지니_정책.md,156,docs4 확정 정책집 > 8. 수업 / 예약 / 출석 정책,"- 수업 유형은 PT, GX, 골프, 기타 4종으로 고정한다."
class_session_types,강습 세션 유형,canonical,PT / GX / 골프 / 기타,4,핏지니_정책.md,157,docs4 확정 정책집 > 8. 수업 / 예약 / 출석 정책,"- 강습 세션 유형은 PT, GX, 골프, 기타 4종으로 고정한다."
gx_subcategories,GX 세부종목,canonical,GX 기타 / 필라테스 / 스피닝 / 요가 / 줌바,5,핏지니_정책.md,160,docs4 확정 정책집 > 8. 수업 / 예약 / 출석 정책,"- GX 세부종목은 요가, 필라테스, 스피닝, 줌바, GX 기타 5종으로 고정한다."
iot_device_types,IoT 기기 종류,canonical,InBody 측정기 / 락커 컨트롤러 / 출입 게이트 / 키오스크,4,핏지니_정책.md,190,docs4 확정 정책집 > 9. 시설 / 락커 / 기기 정책,"- CRM에서 고정으로 인식하는 기기 종류는 출입 게이트, 키오스크, 락커 컨트롤러, InBody 측정기 4종이다."
notification_channels,알림 채널,canonical,Push / 카카오톡 / SMS,,핏지니_정책.md,205,docs4 확정 정책집 > 10. 알림 / 마케팅 / 쿠폰 / 마일리지 정책,"- 알림 채널은 회원앱 Push, 카카오톡 fallback/알림톡, SMS/LMS/MMS를 사용한다."
class_session_types,강습 세션 유형,canonical,PT / GX / 골프 / 기타,,핏지니_정책.md,317,docs4 확정 정책집 > 13. KPI / 액션 큐 정책,"- 강습 세션 유형은 PT, GX, 골프, 기타다."
gx_subcategories,GX 세부종목,canonical,GX 기타 / 필라테스 / 스피닝 / 요가 / 줌바,,핏지니_정책.md,318,docs4 확정 정책집 > 13. KPI / 액션 큐 정책,"- GX 세부종목은 요가, 필라테스, 스피닝, 줌바, GX 기타다."
