row	????	?????	???? ?? ??_26.05.19	?? ?? ??_26.05.20
39	SET-02-01	역할 목록	7종 기본 템플릿이 뭔지 기능리스트에서 확인 불가	"[기획 답변] 제로스트가 O열에서 확인 요청한 세부값은 기획 문서 기준 다음과 같습니다. 7종 기본 템플릿은 superAdmin, primary, owner, manager, fc, staff, readonly입니다. 직원 직무값이 아니라 로그인 계정에 부여되는 권한 역할 템플릿입니다.
근거 문서: admin/기능명세서/D09-설정관리/SET-02-권한설정/00-기본기능.md"
40	SET-02-02	권한 매트릭스	기능리스트에서 9메뉴, 5종이 뭔지 확인 불가	"[기획 답변] 제로스트가 O열에서 확인 요청한 세부값은 기획 문서 기준 다음과 같습니다. 권한 매트릭스는 9개 메뉴 그룹(회원, 수업, 매출, 상품, 직원, 급여, 시설, 메시지, 설정) x 5종 권한(접근, 조회, 생성, 수정, 삭제)입니다.
근거 문서: admin/기능명세서/D09-설정관리/SET-02-권한설정/00-기본기능.md"
42	SET-02-04	민감 기능	민감 기능이 무엇인지 확인해야 판단 가능	"[기획 답변] 제로스트의 판단불가 사유에 대해 기능 의미를 다음과 같이 명확히 정리합니다. 민감 기능은 회원 영구 삭제, 환불 처리, 급여 확정·지급, 슈퍼관리자 권한 부여/회수, 데이터 복원, 감사로그 내보내기입니다.
근거 문서: admin/기능명세서/D09-설정관리/SET-02-권한설정/00-기본기능.md"
48	SET-02-10	저장	기본적인 저장이라면 가능하지만, SET-02-10-01에 적힌 영향 분석이 무엇인지에 따라 판단이 달라짐	"[기획 답변] 제로스트의 판단불가 사유에 대해 기능 의미를 다음과 같이 명확히 정리합니다. SET-02-10-01 영향 분석은 예측 리포트가 아니라 저장 전 확인 안내입니다. 배정 직원 수, 담당 회원 합계, 영향 직원 목록, 권한 변경 전후 차이를 보여줍니다.
근거 문서: admin/기능명세서/D09-설정관리/SET-02-권한설정/00-기본기능.md"
58	SET-01-01	기본정보	업종 11종 다중이 무엇인지 확인 불가, 단순 VAT 설정인지 세금계산서 연동이 필요한 추가 사항인지 확인 불가	"[기획 답변] 제로스트 의견처럼 계약서 명시/유무상 판단과 기획 설명은 분리됩니다. 해당 항목의 기획 기준은 다음과 같고, 최종 계약 범위 판단은 판도-제로스트 협의 사항입니다. 업종 11종은 헬스, 필라테스, PT샵, 골프, 요가, 크로스핏, 복싱, 수영, 태권도, 스피닝, 기타입니다. VAT 설정은 부가세 포함/별도 표시 토글이며, 세금계산서 외부 연동 자체를 의미하지 않습니다.
근거 문서: admin/기능명세서/D09-설정관리/SET-01-센터설정/00-기본기능.md"
59	SET-01-02	알림설정	기능리스트에 있는 앱 푸시, 이메일, SMS 종류들 각각 무엇인지 확인 불가	"[기획 답변] 제로스트가 O열에서 확인 요청한 세부값은 기획 문서 기준 다음과 같습니다. 알림 설정은 앱 푸시 5종(입장, 만료 임박, 결제 완료, 수업 예약, 수업 취소), 이메일 2종(주간 리포트, 만료 예정), SMS 2종(결제 완료, 만료 임박)입니다.
근거 문서: admin/기능명세서/D09-설정관리/SET-01-센터설정/00-기본기능.md"
60	SET-01-03	테마설정	화면모드 3종이 모바일, 태블릿 반응형을 말하는 것인지 확인 필요. 맞다면 반응형 UI는 계약 범위 밖	"[기획 답변] 제로스트 의견의 계약 범위 이견과 구분해 답변드립니다. 기능 정의는 기획 문서 기준 다음과 같습니다. 화면모드 3종은 관리자 화면 테마 설정입니다. 모바일/태블릿 반응형 UI 범위를 의미하지 않습니다.
근거 문서: admin/기능명세서/D09-설정관리/SET-01-센터설정/00-기본기능.md"
61	SET-01-04	물품 관리	재고, 잔여 수량, 1일 발급 한도를 구현하기 위해서는 DB 수정과 별도 UI가 필요하다고 판단 	"[기획 답변] 제로스트의 판단불가 사유에 대해 기능 의미를 다음과 같이 명확히 정리합니다. 물품 관리는 수건 대, 수건 소, 운동복 상의, 운동복 하의 4종의 재고 수량, 1일 발급 한도, 잔여 수량 자동 계산을 의미합니다.
근거 문서: admin/기능명세서/D09-설정관리/SET-01-센터설정/00-기본기능.md"
84	SET-EXT-03-06	다운로드	어떤 항목을 다운 받는 것인지 확인 필요	"[기획 답변] 제로스트 O열 의견을 기준으로 답변드립니다. 다운로드 대상은 백업 이력의 백업 파일(.tar.gz 등)입니다. 권한 검증 후 서명 URL을 발급하며 다운로드 링크 유효기간은 1시간입니다. 백업 파일은 암호화 및 checksum 검증 대상입니다.
근거 문서: admin/기능명세서/D09-설정관리/SET-EXT-03-데이터백업복원/00-기본기능.md"
89	DASH-01-04	주의 대상 위젯	주의 대상 위젯이 정확히 무엇인지 고객사 피드백 내용만으로는 확인 불가	"[기획 답변] 제로스트가 O열에서 확인 요청한 세부값은 기획 문서 기준 다음과 같습니다. 주의 대상 위젯 4종은 생일, 미수금, 홀딩, 만료 임박입니다. 각 위젯은 대상 회원 목록과 전체보기/상세 진입 링크를 제공합니다.
근거 문서: admin/기능명세서/D10-본사관리/DASH-01-대시보드/00-기본기능.md"
97	HQ-01-01	전사 통합 KPI	기능리스트 상에서 7종 KPI 카드가 무엇인지 확인 불가	"[기획 답변] 제로스트가 O열에서 확인 요청한 세부값은 기획 문서 기준 다음과 같습니다. 전사 통합 KPI 7종 카드는 전체 매출, 신규 회원, 활성 회원, 만료 임박, 미수금, 수업 예약, 출석/방문 현황 성격의 전사 요약 카드입니다. 본사 계정은 전 지점 합산, 지점 계정은 소속 지점 기준으로 봅니다.
근거 문서: admin/기능명세서/D10-본사관리/HQ-01-슈퍼대시보드/00-기본기능.md"
99	HQ-01-03	히스토리 로그	계약서에 슈퍼 대시보드의 히스토리 관련 내용은 없음. 히스토리가 대시보드의 필수 요소라고 볼 수도 없음	"[기획 답변] 제로스트 의견처럼 계약서 명시/유무상 판단과 기획 설명은 분리됩니다. 해당 항목의 기획 기준은 다음과 같고, 최종 계약 범위 판단은 판도-제로스트 협의 사항입니다. 히스토리 로그는 대시보드 운영 확인용 최근 변경 이력입니다. 회원/결제/이용권/수업/출석/권한/설정/백업·복원 변경의 발생 시각, 작업자, 작업 유형, 대상, 요약 문구를 표시하고 감사 로그로 이동합니다.
근거 문서: admin/기능명세서/D10-본사관리/HQ-01-슈퍼대시보드/00-기본기능.md"
105	HQ-02-02	상담 퍼널	계약서에 KPI 24종이 무엇인지 확인되지 않음	"[기획 답변] 제로스트 의견처럼 계약서 명시/유무상 판단과 기획 설명은 분리됩니다. 해당 항목의 기획 기준은 다음과 같고, 최종 계약 범위 판단은 판도-제로스트 협의 사항입니다. 상담 퍼널은 KPI 24종 중 상담 지표 묶음입니다. 구성은 WI 문의, TI 문의, TI 방문 전환율, TI 등록률, WI 등록률입니다.
근거 문서: admin/기능명세서/D10-본사관리/HQ-02-KPI대시보드/00-기본기능.md"
106	HQ-02-03	재등록 KPI	계약서에 KPI 24종이 무엇인지 확인되지 않음	"[기획 답변] 제로스트 의견처럼 계약서 명시/유무상 판단과 기획 설명은 분리됩니다. 해당 항목의 기획 기준은 다음과 같고, 최종 계약 범위 판단은 판도-제로스트 협의 사항입니다. 재등록 KPI는 KPI 24종 중 재등록 상담 지표입니다. 기본 구성은 재등록 상담 완료 건수와 재등록 성공률입니다.
근거 문서: admin/기능명세서/D10-본사관리/HQ-02-KPI대시보드/00-기본기능.md"
107	HQ-02-04	GX 세부 종목	계약서에 KPI 24종이 무엇인지 확인되지 않음	"[기획 답변] 제로스트 의견처럼 계약서 명시/유무상 판단과 기획 설명은 분리됩니다. 해당 항목의 기획 기준은 다음과 같고, 최종 계약 범위 판단은 판도-제로스트 협의 사항입니다. GX 세부 종목은 KPI 24종 안에서 GX 실적을 종목별로 나누어 보는 기준입니다. 기획 기준 종목은 요가, 필라테스, 스피닝, 줌바, 에어로빅, GX기타입니다.
근거 문서: admin/기능명세서/D10-본사관리/HQ-02-KPI대시보드/00-기본기능.md"
108	HQ-02-05	OT 운영	계약서에 KPI 24종이 무엇인지 확인되지 않음	"[기획 답변] 제로스트 의견처럼 계약서 명시/유무상 판단과 기획 설명은 분리됩니다. 해당 항목의 기획 기준은 다음과 같고, 최종 계약 범위 판단은 판도-제로스트 협의 사항입니다. OT 운영은 KPI 24종 중 OT 지표 묶음입니다. 강습 OT, 골프 OT, OT 등록 전환율, OT 거부율, OT 이월률, 체험 후 등록률을 봅니다.
근거 문서: admin/기능명세서/D10-본사관리/HQ-02-KPI대시보드/00-기본기능.md"
109	HQ-02-06	강습 세션 유형	계약서에 KPI 24종이 무엇인지 확인되지 않음	"[기획 답변] 제로스트 의견처럼 계약서 명시/유무상 판단과 기획 설명은 분리됩니다. 해당 항목의 기획 기준은 다음과 같고, 최종 계약 범위 판단은 판도-제로스트 협의 사항입니다. 강습 세션 유형은 개인/소그룹 강습 실적 구분 기준입니다. 기획 기준은 PT, 필라테스, 스트레칭, 테라피 4종입니다.
근거 문서: admin/기능명세서/D10-본사관리/HQ-02-KPI대시보드/00-기본기능.md"
110	HQ-02-07	추이 차트	계약서에 KPI 24종이 무엇인지 확인되지 않음	"[기획 답변] 제로스트 의견처럼 계약서 명시/유무상 판단과 기획 설명은 분리됩니다. 해당 항목의 기획 기준은 다음과 같고, 최종 계약 범위 판단은 판도-제로스트 협의 사항입니다. 추이 차트는 신규 KPI가 아니라 KPI 24종 전체 또는 주요 KPI의 기간별 변화를 보여주는 표시 방식입니다.
근거 문서: admin/기능명세서/D10-본사관리/HQ-02-KPI대시보드/00-기본기능.md"
111	HQ-02-08	지점별 비교	계약서, 기능리스트에서 지점별 4종 지표가 무엇인지 알 수 없음 	"[기획 답변] 제로스트 의견처럼 계약서 명시/유무상 판단과 기획 설명은 분리됩니다. 해당 항목의 기획 기준은 다음과 같고, 최종 계약 범위 판단은 판도-제로스트 협의 사항입니다. 지점별 비교 4종 지표는 매출, 신규 회원, 활성 회원, 출석률입니다. 본사 계정은 지점별 비교, 지점 계정은 소속 지점 기준으로 제한됩니다.
근거 문서: admin/기능명세서/D10-본사관리/HQ-02-KPI대시보드/00-기본기능.md"
115	HQ-03-02	핵심 지표	기능리스트 LV3의 보드별 4종 지표가 무엇을 말하는지 알 수 없음	"[기획 답변] 제로스트가 O열에서 확인 요청한 세부값은 기획 문서 기준 다음과 같습니다. 보드별 핵심 지표 4종은 각 보드의 운영 목적에 맞춘 요약 KPI입니다. 상담/재등록/OT/담당자/인사이트 보드에서 대상 수, 완료 수, 전환율, 미처리/위험 대상을 요약 표시합니다.
근거 문서: admin/기능명세서/D10-본사관리/HQ-03-KPI센터/00-기본기능.md"
117	HQ-03-04	액션 큐	고객사에게 정보를 전달 받으면 가능	"[기획 답변] 제로스트 의견처럼 고객사/판도 확정이 필요한 지점은 따로 구분합니다. 현재 기획 답변으로 정리할 수 있는 문서상 정의는 다음과 같습니다. 액션 큐는 상담/OT/재등록 후속조치 대상 목록입니다. 긴급/우선/일반/완료가능 우선순위로 정렬하며, FC 액션과 트레이너 액션을 구분합니다.
근거 문서: admin/기능명세서/D10-본사관리/HQ-03-KPI센터/00-기본기능.md"
119	HQ-03-06	재등록 파이프라인	계약서, 기능리스트 LV3 상으로는 만료 예정 액션이 뭔지 알 수 없으나 피드백 답변처럼 편하게 보기 위한 UI 기능 정도라면 수용 가능	"[기획 답변] 제로스트 의견처럼 계약서 명시/유무상 판단과 기획 설명은 분리됩니다. 해당 항목의 기획 기준은 다음과 같고, 최종 계약 범위 판단은 판도-제로스트 협의 사항입니다. 재등록 파이프라인은 만료 예정/만료 회원의 재등록 상담 진행 상태를 담당자별로 보여주는 보드입니다. 만료 D-30, D-7, D-Day, D+1 단계와 상담/등록 상태를 관리합니다.
근거 문서: admin/기능명세서/D10-본사관리/HQ-03-KPI센터/00-기본기능.md"
120	HQ-03-07	담당자 성과	회원 한명에게 붙은 여러명의 직원들 중 누구의 성과로 처리할 것인지 등 성과 기준, 로직이 불분명하여 고객사에서 답장 준다고 하였음	"[기획 답변] 제로스트 O열 의견을 기준으로 답변드립니다. 담당자 성과는 직원별 상담·강습·매출 성과입니다. 트레이너는 OT 배정, 신규 매출, 재등록 매출, 등록 전환율, 체험 후 등록률을 보고 FC/골프 프로 지표도 분리합니다. 매출 귀속 기준은 결제의 인센티브 귀속자/담당자 기준으로 적용합니다.
근거 문서: admin/기능명세서/D10-본사관리/HQ-03-KPI센터/00-기본기능.md"
122	HQ-03-09	데이터 인사이트	고객사에서 애매한 내용을 정리해서 알려준다고 함	"[기획 답변] 제로스트 의견처럼 고객사/판도 확정이 필요한 지점은 따로 구분합니다. 현재 기획 답변으로 정리할 수 있는 문서상 정의는 다음과 같습니다. 데이터 인사이트는 AI 문장 생성이 아니라 기존 KPI/OT/상담 데이터를 사람이 해석하기 쉽게 요약하는 시스템 텍스트입니다. 성과 하락/상승 원인과 연결 액션을 최대 3개 노출합니다.
근거 문서: admin/기능명세서/D10-본사관리/HQ-03-KPI센터/00-기본기능.md"
128	HQ-04-04	수업 성과	계약서에 명시되지 않음. '인기 수업' 등 고객사에서 원하는 내용이 정확히 무엇인지 알 수 없음	"[기획 답변] 제로스트 의견처럼 계약서 명시/유무상 판단과 기획 설명은 분리됩니다. 해당 항목의 기획 기준은 다음과 같고, 최종 계약 범위 판단은 판도-제로스트 협의 사항입니다. 수업 성과는 지점 리포트 내 수업 운영 지표입니다. 인기 수업은 예약률, 출석률, 정원 대비 충원율, 반복 예약/재예약 흐름을 기준으로 판단하는 운영 지표입니다.
근거 문서: admin/기능명세서/D10-본사관리/HQ-04-지점리포트/00-기본기능.md"
132	MBR-01-01	요약 지표 카드 (4종)	계약서, 기획리스트 LV3 상에서 요약 지표카드 4종이 무엇인지 확인 불가	"[기획 답변] 제로스트 의견처럼 계약서 명시/유무상 판단과 기획 설명은 분리됩니다. 해당 항목의 기획 기준은 다음과 같고, 최종 계약 범위 판단은 판도-제로스트 협의 사항입니다. 회원 목록 요약 카드 4종은 전체 회원, 활성 회원, 만료 임박, 이번 달 신규 회원입니다. 카드 클릭 시 해당 상태 필터가 자동 적용됩니다.
근거 문서: admin/기능명세서/D02-회원관리/MBR-01-회원목록/00-기본기능.md"
134	MBR-01-03	상태별 서브탭	계약서에 명시되지 않음. LV3에서도 6서브탭이 무엇이고, 카운트 배지가 어떤 식으로 이용되는 것인지 알 수 없음	"[기획 답변] 제로스트 의견처럼 계약서 명시/유무상 판단과 기획 설명은 분리됩니다. 해당 항목의 기획 기준은 다음과 같고, 최종 계약 범위 판단은 판도-제로스트 협의 사항입니다. 상태별 서브탭 6종은 전체, 활성, 만료, 미등록, 홀딩, 정지입니다. 카운트 배지는 각 상태에 해당하는 회원 수를 표시합니다.
근거 문서: admin/기능명세서/D02-회원관리/MBR-01-회원목록/00-기본기능.md"
135	MBR-01-04	통합 검색 (이름·연락처)	QR 기능은 계약서에 명시되지 않았고, LV3에 표시된 검색 기능에 QR을 붙이는 기능은 추가 기능으로 보임	"[기획 답변] 제로스트 의견의 계약 범위 이견과 구분해 답변드립니다. 기능 정의는 기획 문서 기준 다음과 같습니다. 통합 검색은 이름·연락처 기준 검색입니다. QR 검색을 필수 범위로 보지 않으며, QR 기반 검색/스캔은 별도 QR 기능 범위에서 판단합니다.
근거 문서: admin/기능명세서/D02-회원관리/MBR-01-회원목록/00-기본기능.md"
138	MBR-01-07	회원 목록 테이블	LV 3 상으로 보았을 때, 12개 컬럼이 무엇인지 확인 불가. 모바일 풀스크린 진입 항목도 있는데, 계약서는 PC Web만 되어 있고 모바일 반응형은 계약 범위 외임	"[기획 답변] 제로스트 의견의 계약 범위 이견과 구분해 답변드립니다. 기능 정의는 기획 문서 기준 다음과 같습니다. 회원 목록 테이블 12개 컬럼은 체크박스, 상태 배지, 회원번호, 회원명, 연락처, 성별/나이, 담당자, 보유 이용권, 만료일, 최근 방문일, 미수금, 액션입니다. 모바일 풀스크린은 PC Web 필수 범위가 아니며 반응형 확장 범위로 분리합니다.
근거 문서: admin/기능명세서/D02-회원관리/MBR-01-회원목록/00-기본기능.md"
144	MBR-01-13	세그먼트 자동 분류 표시	계약서에 없는 항목이고, LV 3 의 7종 세그먼트가 무엇인지 확인 불가	"[기획 답변] 제로스트 의견처럼 계약서 명시/유무상 판단과 기획 설명은 분리됩니다. 해당 항목의 기획 기준은 다음과 같고, 최종 계약 범위 판단은 판도-제로스트 협의 사항입니다. 세그먼트 7종은 신규, 활성, 만료임박, 만료, 장기미방문, 이탈위험, VIP 성격의 자동 분류 표시입니다. 자동 산정 기준은 회원 상태·방문·만료·결제 이력 기반입니다.
근거 문서: admin/기능명세서/D02-회원관리/MBR-01-회원목록/00-기본기능.md"
161	MBR-03-08	저장 + 결제 진입	회원 등록 기능에서 결제 기능이 왜 필요한지 확인 필요	"[기획 답변] 제로스트 O열 의견을 기준으로 답변드립니다. 저장 + 결제 진입은 신규 회원 등록 후 즉시 상품 결제를 이어서 처리하는 단축 흐름입니다. 회원 등록과 결제가 강결합된 것이 아니라, 저장 완료 후 POS/결제 화면으로 이동하는 CTA입니다.
근거 문서: admin/기능명세서/D02-회원관리/MBR-03-회원등록수정/00-기본기능.md"
167	MBR-ADV-02-02	체크리스트 자동 점검	MBR-ADV-02 이관 기능에 체크리스트 자동 점검과 관련된 내용은 명시되지 않음 	"[기획 답변] 제로스트 의견처럼 계약서 명시/유무상 판단과 기획 설명은 분리됩니다. 해당 항목의 기획 기준은 다음과 같고, 최종 계약 범위 판단은 판도-제로스트 협의 사항입니다. 체크리스트 자동 점검은 회원 이관 전 미수금, 홀딩, 잔여 이용권, 예약/대기, 락커/물품, 담당자 메모 등 이관 리스크를 사전 확인하는 기능입니다.
근거 문서: admin/기능명세서/D02-회원관리/MBR-ADV-02-회원이관/00-기본기능.md"
180	CLS-10-01	프로그램 목록	LV3상에서 7개 컬럼 내용이 무엇인지 알 수 없음	"[기획 답변] 제로스트 O열 의견을 기준으로 답변드립니다. 프로그램 목록 7개 컬럼은 프로그램명, 목적/분류, 난이도, 동작 수, 배정 회원 수, 담당 트레이너, 상태/액션입니다.
근거 문서: admin/기능명세서/D04-수업관리/CLS-10-운동프로그램관리/00-기본기능.md"
182	CLS-10-03	동작 구성	동작 구성을 단순 텍스트 또는 드롭다운 등으로 입력하는 형식이라면 수용 가능	"[기획 답변] 제로스트 O열 의견을 기준으로 답변드립니다. 동작 구성은 프로그램 안에 운동 동작을 순서대로 구성하는 입력 영역입니다. 동작명, 세트/횟수/시간, 휴식, 메모를 텍스트 또는 선택값으로 입력합니다.
근거 문서: admin/기능명세서/D04-수업관리/CLS-10-운동프로그램관리/00-기본기능.md"
225	CRM-01-02	상태 분포	기본 필터 역할이면 수용 가능. 고객사에서 제시한 기능리스트에는 7종 카드가 무엇인지 정의 안됨	"[기획 답변] 제로스트가 O열에서 확인 요청한 세부값은 기획 문서 기준 다음과 같습니다. 상태 분포 7종은 신규, 연락중, 방문예약, 방문완료, 등록완료, 보류, 실패/종료 단계입니다. 기본 필터 겸 칸반 컬럼으로 사용합니다.
근거 문서: admin/기능명세서/D08-마케팅/CRM-01-리드관리/00-기본기능.md"
265	PRD-EXT-02-07	판매 현황	계약서에 없는 기획코드	"[기획 답변] 제로스트 의견처럼 계약서 명시/유무상 판단과 기획 설명은 분리됩니다. 해당 항목의 기획 기준은 다음과 같고, 최종 계약 범위 판단은 판도-제로스트 협의 사항입니다. 판매 현황은 상품 상세 패널에서 해당 상품의 판매 건수, 매출, 보유 회원, 만료 임박 회원 등 상품 단위 운영 현황을 보는 영역입니다. 상품 관리의 상세 조회 성격이며 신규 독립 모듈은 아닙니다.
근거 문서: admin/기능명세서/D05-상품관리/PRD-EXT-02-상품상세패널/00-기본기능.md"
270	RSV-01-01	요약 카드	5종 카드 카운터가 무엇인지 확인 후 가능	"[기획 답변] 제로스트 O열 의견을 기준으로 답변드립니다. 예약 목록 요약 카드 5종은 전체 예약, 예약 완료, 출석 완료, 취소·노쇼, 대기입니다.
근거 문서: admin/기능명세서/D04-수업관리/RSV-01-예약목록/00-기본기능.md"
277	RSV-01-08	본사 통합 모드	전 지점 예약 통합 뷰는 멀티센터 쿼리/UI 별도 구현 필요	"[기획 답변] 제로스트 O열 의견을 기준으로 답변드립니다. 본사 통합 모드는 전 지점 예약을 한 화면에서 조회하는 확장 기능입니다. 온핏/브로제이에 없는 경우 V1.0 범위에서는 제외하고 후속 협의 대상으로 봅니다.
근거 문서: admin/기능명세서/D04-수업관리/RSV-01-예약목록/00-기본기능.md"
280	CLS-01-02	필터 바	분류 멀티필터7종, 세션유형 멀티핀터4종이 무엇인지 확인 불가 	"[기획 답변] 제로스트가 O열에서 확인 요청한 세부값은 기획 문서 기준 다음과 같습니다. 분류 멀티필터 7종은 PT, GX, 필라테스, 골프, OT, 상담, 기타입니다. 세션 유형 4종은 PT, 필라테스, 스트레칭, 테라피입니다.
근거 문서: admin/기능명세서/D04-수업관리/CLS-01-수업캘린더/00-기본기능.md"
285	CLS-01-07	미승인 일정	기능리스트의 건수 배지가 무엇인지 확인 불가	"[기획 답변] 제로스트가 O열에서 확인 요청한 세부값은 기획 문서 기준 다음과 같습니다. 미승인 일정의 건수 배지는 승인되지 않은 일정 수를 상단 경고 배너와 탭에 표시하는 카운트입니다.
근거 문서: admin/기능명세서/D04-수업관리/CLS-01-수업캘린더/00-기본기능.md"
289	CLS-02-01	필터 바	기능리스트의 세션 유형(4종)이 무엇인지 확인 불가	"[기획 답변] 제로스트가 O열에서 확인 요청한 세부값은 기획 문서 기준 다음과 같습니다. 필터 바의 세션 유형 4종은 PT, 필라테스, 스트레칭, 테라피입니다.
근거 문서: admin/기능명세서/D04-수업관리/CLS-02-수업관리/00-기본기능.md"
290	CLS-02-02	상태 필터	상태 카운트 배지가 구체적인 내용 확인 불가	"[기획 답변] 제로스트가 O열에서 확인 요청한 세부값은 기획 문서 기준 다음과 같습니다. 상태 필터와 카운트 배지는 예정, 진행중, 완료, 취소, 노쇼 등 수업 상태별 건수를 표시하고 목록을 좁히는 기능입니다.
근거 문서: admin/기능명세서/D04-수업관리/CLS-02-수업관리/00-기본기능.md"
316	CLS-02	수업 관리 (목록 기반 정밀 관리)	기획 내용과 기능 내용이 다름	"[기획 답변] 제로스트 O열 의견을 기준으로 답변드립니다. CLS-02는 드래그앤드롭 캘린더가 아니라 목록 기반 정밀 관리 화면입니다. 수업 1건을 1행으로 보고 수업명, 유형, 세션 유형, 강사, 장소, 일시, 예약 현황, 상태, 출석/노쇼를 관리합니다. DnD/리사이즈는 CLS-01 캘린더 범위입니다.
근거 문서: admin/기능명세서/D04-수업관리/CLS-02-수업관리/00-기본기능.md"
318	CLS-03	시간표 일괄 등록 (반복 일정 대량 생성)	기획 내용과 기능 내용이 다름	"[기획 답변] 제로스트 O열 의견을 기준으로 답변드립니다. CLS-03은 색상 체계 기능이 아니라 시간표 일괄 등록입니다. 기간, 요일, 시간, 템플릿, 강사, 장소, 정원, 예외 날짜를 입력해 반복 일정을 신규 생성합니다. 색상 체계는 CLS-01/CLS-04 표시 규칙입니다.
근거 문서: admin/기능명세서/D04-수업관리/CLS-03-시간표일괄등록/00-기본기능.md"
329	CLS-02	수업 관리 (목록 기반 정밀 관리)	목록 기반 관리를 어떤 식으로 하는건지 확인 불가	"[기획 답변] 제로스트가 O열에서 확인 요청한 세부값은 기획 문서 기준 다음과 같습니다. CLS-02는 드래그앤드롭 캘린더가 아니라 목록 기반 정밀 관리 화면입니다. 수업 1건을 1행으로 보고 수업명, 유형, 세션 유형, 강사, 장소, 일시, 예약 현황, 상태, 출석/노쇼를 관리합니다. DnD/리사이즈는 CLS-01 캘린더 범위입니다.
근거 문서: admin/기능명세서/D04-수업관리/CLS-02-수업관리/00-기본기능.md"
350	CLS-06-03	강사 목록	세션 유형 분포(4종)이 무엇인지 알 수 없음	"[기획 답변] 제로스트 O열 의견을 기준으로 답변드립니다. 강사 목록의 세션 유형 분포 4종은 PT, 필라테스, 스트레칭, 테라피입니다.
근거 문서: admin/기능명세서/D04-수업관리/CLS-06-강사근무현황/00-기본기능.md"
357	CLS-09-01	요청 목록	8개 컬럼, 요청 유형 배지, 처리 상태 배지가 무엇인지 알 수 없음	"[기획 답변] 제로스트 O열 의견을 기준으로 답변드립니다. 요청 목록 8개 컬럼은 요청일시, 요청자, 요청 유형, 대상 수업/일정, 요청 내용, 처리 상태, 담당자, 액션입니다. 요청 유형 배지는 등록/변경/취소 등이고 처리 상태 배지는 대기/승인/반려/처리완료입니다.
근거 문서: admin/기능명세서/D04-수업관리/CLS-09-일정요청처리/00-기본기능.md"
362	CLS-09-06	미처리 알림	계약서에 명시 되지 않은 내용. 탭 배지 건수가 뭔지 알 수 없고 대시보드 알림이라는게 어떤 대시보드에 나타내는건지 정해지지 않음	"[기획 답변] 제로스트 의견처럼 계약서 명시/유무상 판단과 기획 설명은 분리됩니다. 해당 항목의 기획 기준은 다음과 같고, 최종 계약 범위 판단은 판도-제로스트 협의 사항입니다. 미처리 알림은 일정 요청 중 대기 상태 건수를 탭 배지로 표시하고 Today Tasks 또는 관리자 대시보드 액션 영역에 노출하는 기능입니다.
근거 문서: admin/기능명세서/D04-수업관리/CLS-09-일정요청처리/00-기본기능.md"
366	CLS-07-02	회원 목록	8개 컬럼, 만료 임박 배지가 무엇인지 알 수 없지만 특별히 범위에서 벗어나지 않는다면 무상 포함 가능	"[기획 답변] 제로스트 의견처럼 계약서 명시/유무상 판단과 기획 설명은 분리됩니다. 해당 항목의 기획 기준은 다음과 같고, 최종 계약 범위 판단은 판도-제로스트 협의 사항입니다. 회원 목록 8개 컬럼은 회원명, 연락처, 상품/이용권, 총 횟수, 사용 횟수, 잔여 횟수, 만료일, 상태/액션입니다. 만료 임박 배지는 만료일 기준 임박 상태를 강조 표시합니다.
근거 문서: admin/기능명세서/D04-수업관리/CLS-07-횟수관리/00-기본기능.md"
376	CLS-08-05	자동 페널티 정책	고객사 측에서 판단 기준을 전달 받아야 함. 제로스트 측에서 자의적으로 작성하라고 한다면 불가능	"[기획 답변] 제로스트 의견처럼 운영 정책값은 고객사/판도 확정이 필요합니다. 개발사가 임의로 정할 사항은 아니며, 기획 기준의 의미는 다음과 같습니다. 자동 페널티 정책은 노쇼/늦은 취소 발생 시 페널티를 자동 부과할지 여부와 부과 기준을 설정하는 영역입니다. 기본값은 운영 정책 확정 후 적용합니다.
근거 문서: admin/기능명세서/D04-수업관리/CLS-08-페널티관리/00-기본기능.md"
377	CLS-08-06	늦은 취소 기준	고객사 측에서 판단 기준을 전달 받아야 함. 제로스트 측에서 자의적으로 작성하라고 한다면 불가능	"[기획 답변] 제로스트 의견처럼 운영 정책값은 고객사/판도 확정이 필요합니다. 개발사가 임의로 정할 사항은 아니며, 기획 기준의 의미는 다음과 같습니다. 늦은 취소 기준은 수업 시작 전 몇 시간 이내 취소를 페널티 대상으로 볼지 정하는 정책값입니다. 기본 후보는 수업 시작 3시간/6시간/12시간 전 기준입니다.
근거 문서: admin/기능명세서/D04-수업관리/CLS-08-페널티관리/00-기본기능.md"
378	CLS-08-07	페널티 내용	고객사 측에서 판단 기준을 전달 받아야 함. 제로스트 측에서 자의적으로 작성하라고 한다면 불가능	"[기획 답변] 제로스트 의견처럼 운영 정책값은 고객사/판도 확정이 필요합니다. 개발사가 임의로 정할 사항은 아니며, 기획 기준의 의미는 다음과 같습니다. 페널티 내용은 예약 제한, 횟수 차감, 경고 누적 등으로 정의합니다. 실제 적용 강도는 고객사 운영 정책 확정값을 적용합니다.
근거 문서: admin/기능명세서/D04-수업관리/CLS-08-페널티관리/00-기본기능.md"
379	CLS-08-08	노쇼/취소 정책	고객사 측에서 판단 기준을 전달 받아야 함. 제로스트 측에서 자의적으로 작성하라고 한다면 불가능	"[기획 답변] 제로스트 의견처럼 운영 정책값은 고객사/판도 확정이 필요합니다. 개발사가 임의로 정할 사항은 아니며, 기획 기준의 의미는 다음과 같습니다. 노쇼/취소 정책은 노쇼 자동 부과 여부, 늦은 취소 기준, 페널티 내용, 예외 승인/해제 권한을 묶은 정책입니다. 운영 정책값 확정이 필요한 항목입니다.
근거 문서: admin/기능명세서/D04-수업관리/CLS-08-페널티관리/00-기본기능.md"
394	CLS-13-05	NPS 집계	CLS-EXT-02 별점/코멘트 수준을 초과하는 NPS 지표 산출 로직 필요	"[기획 답변] 제로스트 O열 의견을 기준으로 답변드립니다. NPS 집계는 수업 평가의 추천 의향 점수를 집계하는 지표입니다. 별점/코멘트만 운영하는 범위라면 제외 가능하며, NPS 지표 산출까지 요구하면 추가 협의 대상으로 봅니다.
근거 문서: admin/기능명세서/D04-수업관리/CLS-13-수업평가피드백/00-기본기능.md"
395	CLS-13-06	신고 처리	평가 신고 접수·처리·관리 워크플로우. 명시 없는 추가 기능	"[기획 답변] 제로스트 의견의 계약 범위 이견과 구분해 답변드립니다. 기능 정의는 기획 문서 기준 다음과 같습니다. 신고 처리는 수업 평가/피드백 중 부적절한 리뷰나 클레임성 피드백을 접수·확인·처리상태로 관리하는 워크플로우입니다. 단순 피드백 표시를 넘는 운영 프로세스라 추가 협의 대상으로 봅니다.
근거 문서: admin/기능명세서/D04-수업관리/CLS-13-수업평가피드백/00-기본기능.md"
398	SAL-01-01	요약 지표 카드	LV3 기능에서의 4종 요약 카드, 본사 통합 합산 기능에 대한 세부 설명 확인 후 판단 가능	"[기획 답변] 제로스트의 판단불가 사유에 대해 기능 의미를 다음과 같이 명확히 정리합니다. 요약 지표 카드 4종은 순 매출, 카드 결제, 현금 결제, 미수금입니다. 본사 통합 모드에서는 권한 범위 내 지점 합산으로 표시합니다.
근거 문서: admin/기능명세서/D03-매출관리/SAL-01-매출현황/00-기본기능.md"
401	SAL-01-04	복합 필터	"LV3 기능에서의 결제 경로에서 POS/수기 외의 ""링크""에 대한 내용 확인 후 판단 가능"	"[기획 답변] 제로스트의 판단불가 사유에 대해 기능 의미를 다음과 같이 명확히 정리합니다. 결제 경로의 링크는 비대면 결제링크를 통해 결제된 거래를 의미합니다. POS/수기/링크는 매출 발생 경로 필터입니다.
근거 문서: admin/기능명세서/D03-매출관리/SAL-01-매출현황/00-기본기능.md"
402	SAL-01-05	매출유형 탭	"LV3 기능에서의 ""6종""에 대한 각 종류 탭 내용 확인 후 판단 가능."	"[기획 답변] 제로스트의 판단불가 사유에 대해 기능 의미를 다음과 같이 명확히 정리합니다. 매출유형 탭 6종은 전체, 회원권, PT, GX, 기타상품, 환불/취소 성격의 매출 분류 탭입니다.
근거 문서: admin/기능명세서/D03-매출관리/SAL-01-매출현황/00-기본기능.md"
404	SAL-01-07	매출 목록 테이블	"LV3 기능에서의 ""13개 컬럼 렌더링""에 13개 컬럼 정의 불명확하여 판단 불가"	"[기획 답변] 제로스트의 판단불가 사유에 대해 기능 의미를 다음과 같이 명확히 정리합니다. 매출 목록 13개 컬럼은 결제일시, 회원명, 연락처, 상품명, 매출유형, 결제경로, 결제수단, 결제금액, 환불/취소액, 미수금, 담당자, 상태, 액션입니다.
근거 문서: admin/기능명세서/D03-매출관리/SAL-01-매출현황/00-기본기능.md"
405	SAL-01-08	하단 요약 바	"LV3 기능에서의 ""7종 합계 표시""에서 7종에 대한 정의 불명학하여 판단 불가"	"[기획 답변] 제로스트의 판단불가 사유에 대해 기능 의미를 다음과 같이 명확히 정리합니다. 하단 요약 바 7종 합계는 총 결제액, 순매출, 카드, 현금, 계좌이체, 환불/취소, 미수금 합계입니다.
근거 문서: admin/기능명세서/D03-매출관리/SAL-01-매출현황/00-기본기능.md"
406	SAL-01-09	매출 상세 모달 (DLG-S001)	"LV3 기능에서 ""링크 상태""에 대한 내용 확인 후에 판단 가능."	"[기획 답변] 제로스트의 판단불가 사유에 대해 기능 의미를 다음과 같이 명확히 정리합니다. 매출 상세 모달의 링크 상태는 결제링크 거래의 발송됨/결제완료/만료/취소 상태를 표시하는 값입니다.
근거 문서: admin/기능명세서/D03-매출관리/SAL-01-매출현황/00-기본기능.md"
407	SAL-01-10	신규 결제 진입	"LV3 기능에서 ""[신규 결제(POS)] → SCR-S002""에서 SCR-S002로 이동하는 부분 어떤건지 확인 필요."	"[기획 답변] 제로스트 O열 의견을 기준으로 답변드립니다. 신규 결제(POS) 진입은 매출 현황에서 POS 판매 화면(SCR-S002)으로 이동하는 CTA입니다. 상품 선택 후 결제 처리(SCR-S003)로 이어집니다.
근거 문서: admin/기능명세서/D03-매출관리/SAL-01-매출현황/00-기본기능.md"
408	SAL-01-11	엑셀 내보내기	"계약서에 엑셀 내보내기 기능 명시 없음. 
 검색된 목록 내용에 대해서 엑셀 파일로 다운받기 정도의 기본 기능이면 무상 가능해보임."	"[기획 답변] 제로스트 의견처럼 계약서 명시/유무상 판단과 기획 설명은 분리됩니다. 해당 항목의 기획 기준은 다음과 같고, 최종 계약 범위 판단은 판도-제로스트 협의 사항입니다. 엑셀 내보내기는 현재 검색/필터가 적용된 매출 목록을 다운로드하는 기본 조회 보조 기능입니다.
근거 문서: admin/기능명세서/D03-매출관리/SAL-01-매출현황/00-기본기능.md"
411	SAL-03-01	최상위 탭 (3종)	"견적서에 최상위 탭 3종 명시 없음.
 
 전체 통계, 직군별, 담당자별 매출 통계를 구분하는 정도의 기본 필수 기능이라면 필수 항목 무상"	"[기획 답변] 제로스트 의견처럼 계약서 명시/유무상 판단과 기획 설명은 분리됩니다. 해당 항목의 기획 기준은 다음과 같고, 최종 계약 범위 판단은 판도-제로스트 협의 사항입니다. 최상위 탭 3종은 전체 통계, 직군별, 담당자별 매출 통계입니다.
근거 문서: admin/기능명세서/D03-매출관리/SAL-03-매출통계/00-기본기능.md"
412	SAL-03-02	날짜 필터 + 5 프리셋	"LV3 기능에서 ""5개 프리셋 버튼""이 무엇인지 판단 불가하여 고객사에서 명시 필요."	"[기획 답변] 제로스트 의견처럼 계약서 명시/유무상 판단과 기획 설명은 분리됩니다. 해당 항목의 기획 기준은 다음과 같고, 최종 계약 범위 판단은 판도-제로스트 협의 사항입니다. 날짜 프리셋 5종은 오늘, 이번 주, 이번 달, 이번 분기, 올해입니다.
근거 문서: admin/기능명세서/D03-매출관리/SAL-03-매출통계/00-기본기능.md"
413	SAL-03-03	하위 탭 7종	"고객사 측에서 걱 항목에 대해 다양한 차트/그래프를 적용하는 부분에 대해서 확정적으로 전달하지 않음.
 
 어떤식으로 하면 될지 저희 측에서 판단 불가하며 각 항목에 대한 차트/그래프별 기능 명시가 필요하고 해당 내용 확인 후 각 항목에 대해 판단 가능.
 
 LV3 기능에서도 차트/그래프 명시는 되어있으나, 화상미팅 시 논의 후 전달 예정이라고 하심."	"[기획 답변] 제로스트 의견처럼 계약서 명시/유무상 판단과 기획 설명은 분리됩니다. 해당 항목의 기획 기준은 다음과 같고, 최종 계약 범위 판단은 판도-제로스트 협의 사항입니다. 하위 탭 7종은 결제수단별, 상품유형별, 기간별, 담당자별, 지점별, 신규/재등록별, GX 세부종목별 통계를 구분하는 탭입니다. 별도 고급 차트 요구가 아니라 통계 분류 표시입니다.
근거 문서: admin/기능명세서/D03-매출관리/SAL-03-매출통계/00-기본기능.md"
415	SAL-03-05	총 매출 표시	"LV3 기능에서의 ""큰 숫자 표시""가 어떤건지 확인 필요."	"[기획 답변] 제로스트 O열 의견을 기준으로 답변드립니다. 총 매출 큰 숫자 표시는 선택 기간/필터 기준 총 매출 합계를 화면 상단에 크게 표시하는 요약 지표입니다.
근거 문서: admin/기능명세서/D03-매출관리/SAL-03-매출통계/00-기본기능.md"
417	SAL-03-07	개월별 판매 비율	"개월별 판매 비율에 대해서 계약서에 명시된 내용 없고,
 
 LV3 기능에서의 ""`[주간월간보고]` V5:Z5 매핑""에 대해서 어떤 건지 확인 필요.,"	"[기획 답변] 제로스트 의견처럼 계약서 명시/유무상 판단과 기획 설명은 분리됩니다. 해당 항목의 기획 기준은 다음과 같고, 최종 계약 범위 판단은 판도-제로스트 협의 사항입니다. 개월별 판매 비율은 1/3/6/12개월 등 상품 기간별 판매 비중을 계산해 보여주는 통계입니다. 주간월간보고 매핑은 내부 보고서 컬럼과 같은 기준으로 집계한다는 의미입니다.
근거 문서: admin/기능명세서/D03-매출관리/SAL-03-매출통계/00-기본기능.md"
418	SAL-03-08	GX 세부 종목	LV3 기능에서의 6종 분류에 대해서 확인 필요.	"[기획 답변] 제로스트 O열 의견을 기준으로 답변드립니다. GX 세부 종목 6종은 요가, 필라테스, 스피닝, 줌바, 에어로빅, GX기타입니다.
근거 문서: admin/기능명세서/D03-매출관리/SAL-03-매출통계/00-기본기능.md"
420	SAL-03-10	담당자별 신규/재등록	"계약서에 담당자별 신규/재등록 매출에 대한 명시는 없음.
 
 LV3 기준으로 상품 종류별로 담당자와 등록강사로 컬럼명 구분 정도는 UI상 처리해주는 정도면 무상 가능해보임. 
 
 다만 DB상 구분은 담당자로만 처리하는 기준."	"[기획 답변] 제로스트 의견처럼 계약서 명시/유무상 판단과 기획 설명은 분리됩니다. 해당 항목의 기획 기준은 다음과 같고, 최종 계약 범위 판단은 판도-제로스트 협의 사항입니다. 담당자별 신규/재등록은 매출을 신규 등록과 재등록으로 나누고 담당자 기준으로 집계하는 통계입니다. 담당자는 결제/상담의 매출 귀속 담당자 기준으로 봅니다.
근거 문서: admin/기능명세서/D03-매출관리/SAL-03-매출통계/00-기본기능.md"
421	SAL-03-11	골프프로별 매출	골프 프로별로 매출/수업 관리하는 기능에 대해서 계약서에 명시되어있지 않음.	"[기획 답변] 제로스트 의견의 계약 범위 이견과 구분해 답변드립니다. 기능 정의는 기획 문서 기준 다음과 같습니다. 골프프로별 매출은 골프 프로 담당 수업/상품 매출을 담당자별로 분리 집계하는 통계입니다. 골프 프로 운영이 V1 필수 범위가 아니면 별도 협의 대상으로 분리 가능합니다.
근거 문서: admin/기능명세서/D03-매출관리/SAL-03-매출통계/00-기본기능.md"
423	SAL-04-01	요약 지표 4종	"계약서에는 따로 명시 없는 기능이나,

LV3 기능 기준으로 ""총 / 인식 / 잔여 / 이번 달 인식"" 정도의 
요약 지표와 단순 색상 강조 정도라면 무상 가능해보임"	"[기획 답변] 제로스트 의견처럼 계약서 명시/유무상 판단과 기획 설명은 분리됩니다. 해당 항목의 기획 기준은 다음과 같고, 최종 계약 범위 판단은 판도-제로스트 협의 사항입니다. 선수익금 요약 지표 4종은 총 선수익, 인식 완료, 잔여 선수익, 이번 달 인식액입니다.
근거 문서: admin/기능명세서/D03-매출관리/SAL-04-선수익금조회/00-기본기능.md"
425	SAL-04-03	선수익금 목록 테이블	"LV3 기준 ""8개 컬럼""에 대한 세부 컬럼 확인 후 판단 가능.

또한 ""진행률 프로그래스 바""와 ""색상 분기""는 필수 기능으로 보이지 않음"	"[기획 답변] 제로스트의 판단불가 사유에 대해 기능 의미를 다음과 같이 명확히 정리합니다. 선수익금 목록 8개 컬럼은 회원명, 상품명, 결제일, 이용기간, 총액, 인식액, 잔여액, 진행률/상태입니다.
근거 문서: admin/기능명세서/D03-매출관리/SAL-04-선수익금조회/00-기본기능.md"
426	SAL-04-04	서비스일수 판정	"LV3에서
""1/3/6/12/기타 5버킷"" 이 어떤건지
""`durationMonths` 우선""이 어떤건지
""매출통계 동일 기준"" 기능은 어떤건지
확인 후 판단 가능"	"[기획 답변] 제로스트의 판단불가 사유에 대해 기능 의미를 다음과 같이 명확히 정리합니다. 서비스일수 판정의 1/3/6/12/기타 5버킷은 상품 기간을 월 단위로 묶어 선수익 인식 기간을 판단하는 기준입니다. durationMonths 우선은 상품에 명시된 이용 개월 수를 우선 사용한다는 의미입니다.
근거 문서: admin/기능명세서/D03-매출관리/SAL-04-선수익금조회/00-기본기능.md"
429	SAL-05-02	필터 드롭다운 4종	"LV3 기능에서 ""동적 생성"" 기능이 뭔지 확인 필요."	"[기획 답변] 제로스트 O열 의견을 기준으로 답변드립니다. 필터 드롭다운 4종은 기간, 지점, 상품유형, 결제수단입니다. 동적 생성은 실제 데이터에 존재하는 값 기준으로 필터 옵션을 생성한다는 의미입니다.
근거 문서: admin/기능명세서/D03-매출관리/SAL-05-통계관리/00-기본기능.md"
431	SAL-05-04	통계 테이블 17 컬럼	"LV3에 명시된 ""상품권/포인트"" 기능은 계약서에 없는 항목인데,
통계에 어떻게 들어가는건지 확인 필요."	"[기획 답변] 제로스트 의견처럼 계약서 명시/유무상 판단과 기획 설명은 분리됩니다. 해당 항목의 기획 기준은 다음과 같고, 최종 계약 범위 판단은 판도-제로스트 협의 사항입니다. 통계 테이블 17컬럼은 매출일, 지점, 상품유형, 상품명, 결제수단, 총매출, 순매출, 환불, 할인, VAT, VAT 제외액, 카드, 현금, 계좌이체, 포인트/상품권, 담당자, 비고입니다. 포인트/상품권은 결제수단별 집계 항목으로만 반영합니다.
근거 문서: admin/기능명세서/D03-매출관리/SAL-05-통계관리/00-기본기능.md"
432	SAL-05-05	VAT 제외 매핑	"LV3에서 ""[월매출]` I열 매핑"" 기능이 어떤건지 확인 필요.

단순 VAT 제외와 포함 금액 구분 정도인지 확인 필요."	"[기획 답변] 제로스트 O열 의견을 기준으로 답변드립니다. VAT 제외 매핑은 부가세 포함 금액에서 VAT 제외 공급가액을 분리해 통계 컬럼에 표시하는 기준입니다. 외부 세금계산서 연동이 아니라 내부 통계 계산 기준입니다.
근거 문서: admin/기능명세서/D03-매출관리/SAL-05-통계관리/00-기본기능.md"
434	SAL-05-07	액션 버튼	고객사측에서도 통계 관리 화면에 대한 내용 다시 확인 후 수정해서 전달 예정이라고 하셔서 아직 판단 불가.	"[기획 답변] 제로스트 의견처럼 고객사/판도 확정이 필요한 지점은 따로 구분합니다. 현재 기획 답변으로 정리할 수 있는 문서상 정의는 다음과 같습니다. 액션 버튼은 조건 적용, 초기화, 엑셀 다운로드, 상세보기 등 통계 조회 화면의 기본 조작 버튼입니다. 별도 워크플로우가 아니라 조회 편의 기능입니다.
근거 문서: admin/기능명세서/D03-매출관리/SAL-05-통계관리/00-기본기능.md"
436	SAL-EXT-01-01	요약 지표 카드	"LV3 기능에서의 ""카드 클릭 -> 자동 필터"" 기능은 어떤건지 확인 필요."	"[기획 답변] 제로스트 O열 의견을 기준으로 답변드립니다. 요약 지표 카드는 이번 달 예정, 완료, 미납, 총 할부 금액 성격의 카드입니다. 카드 클릭 시 해당 상태/조건 필터가 자동 적용됩니다.
근거 문서: admin/기능명세서/D03-매출관리/SAL-EXT-01-할부결제관리/00-기본기능.md"
437	SAL-EXT-01-02	상태 탭	"계약서에서 명시되지 않았으나, 할부 관리 시 할부 상태별 탭은 필요해보임.

(LV3 기준으로 전체 / 진행중 / 완납 / 미납 4가지로 구분 탭 정도의 수준일시)"	"[기획 답변] 제로스트 의견처럼 계약서 명시/유무상 판단과 기획 설명은 분리됩니다. 해당 항목의 기획 기준은 다음과 같고, 최종 계약 범위 판단은 판도-제로스트 협의 사항입니다. 상태 탭은 전체, 진행중, 완납, 미납 4종입니다. 각 탭에는 해당 계약 건수 배지를 표시합니다.
근거 문서: admin/기능명세서/D03-매출관리/SAL-EXT-01-할부결제관리/00-기본기능.md"
438	SAL-EXT-01-03	검색 / 필터	"LV3에서 ""계약 출처 필터""에 대한 설명 확인 필요."	"[기획 답변] 제로스트 O열 의견을 기준으로 답변드립니다. 계약 출처 필터는 할부 계약이 계약금 잔액 전환, 정기 분납, 수기 등록 등 어떤 경로로 생성됐는지를 구분하는 필터입니다.
근거 문서: admin/기능명세서/D03-매출관리/SAL-EXT-01-할부결제관리/00-기본기능.md"
439	SAL-EXT-01-04	계약 목록 테이블	"LV3에서 ""11개 컬럼 렌더링""에서 11개 컬럼 정의 필요.
""회원명 클릭 → SCR-M004""도 기획 코드가 아닌 기능 명시 필요."	"[기획 답변] 제로스트 의견처럼 계약서 명시/유무상 판단과 기획 설명은 분리됩니다. 해당 항목의 기획 기준은 다음과 같고, 최종 계약 범위 판단은 판도-제로스트 협의 사항입니다. 계약 목록 11개 컬럼은 회원명, 연락처, 계약상품, 총 할부금액, 납입 회차, 납입완료액, 잔여액, 다음 납입일, 상태, 계약 출처, 액션입니다. 회원명 클릭은 회원 상세 진입 기능입니다.
근거 문서: admin/기능명세서/D03-매출관리/SAL-EXT-01-할부결제관리/00-기본기능.md"
442	SAL-EXT-01-07	할부 등록	"LV3에서 ""[+ 할부 등록] → DLG-S009""에서 ""DLG-S009"" 확인 필요."	"[기획 답변] 제로스트 O열 의견을 기준으로 답변드립니다. DLG-S009는 할부 등록 다이얼로그입니다. 회원, 잔액 기준 총 할부금액, 할부 기간, 첫 납입일을 입력해 정기 분납 계획을 생성합니다.
근거 문서: admin/기능명세서/D03-매출관리/SAL-EXT-01-할부결제관리/00-기본기능.md"
443	SAL-EXT-01-08	엑셀 다운로드	"엑셀 다운로드 기능 자체가 계약서에 명시되어있지 않음.

LV3 기능 기준으로 ""현재 필터 기준 다운로드"" 외에 ""파일명 규칙 적용""은 비필수 유상 기능으로 판단됨."	"[기획 답변] 제로스트 의견처럼 계약서 명시/유무상 판단과 기획 설명은 분리됩니다. 해당 항목의 기획 기준은 다음과 같고, 최종 계약 범위 판단은 판도-제로스트 협의 사항입니다. 엑셀 다운로드는 현재 필터 기준 할부 계약 목록 다운로드입니다. 파일명 규칙은 운영 편의 규칙이며 별도 고급 기능이 아닙니다.
근거 문서: admin/기능명세서/D03-매출관리/SAL-EXT-01-할부결제관리/00-기본기능.md"
445	SAL-EXT-02-01	요약 지표 카드	"요약지표에 대한 내용이 계약서에 없으나,

LV3 기준으로 이번 달 발행 건수/ 이번 달 발행 총액 / 미발행 대기 건수 정도라면 
무상가능해보임"	"[기획 답변] 제로스트 의견처럼 계약서 명시/유무상 판단과 기획 설명은 분리됩니다. 해당 항목의 기획 기준은 다음과 같고, 최종 계약 범위 판단은 판도-제로스트 협의 사항입니다. 요약 지표 카드는 이번 달 발행 건수, 이번 달 발행 총액, 미발행 대기 건수, 발행 실패/오류 건수입니다.
근거 문서: admin/기능명세서/D03-매출관리/SAL-EXT-02-세금계산서발행/00-기본기능.md"
448	SAL-EXT-02-04	세금계산서 발행 폼	"LV3에서 ""공급 품목 자동 채움""은 어떤 기능인지 확인 필요."	"[기획 답변] 제로스트 O열 의견을 기준으로 답변드립니다. 공급 품목 자동 채움은 결제 상품명, 수량, 공급가액, VAT, 합계 금액을 결제 내역에서 세금계산서 발행 폼으로 자동 가져오는 기능입니다.
근거 문서: admin/기능명세서/D03-매출관리/SAL-EXT-02-세금계산서발행/00-기본기능.md"
450	SAL-EXT-02-06	발행 이력	"LV3에서 ""7개 컬럼 렌더링"" 에서 7개 컬럼 명시 필요하며,
""상세 → DLG-S010""와 같은 내용도 기획코드가 아닌 실제 기능을 명시해야 함."	"[기획 답변] 제로스트 의견처럼 계약서 명시/유무상 판단과 기획 설명은 분리됩니다. 해당 항목의 기획 기준은 다음과 같고, 최종 계약 범위 판단은 판도-제로스트 협의 사항입니다. 발행 이력 7개 컬럼은 발행일, 회원/사업자명, 사업자번호, 공급가액, VAT, 상태, 액션입니다. 상세는 발행 상세 다이얼로그를 여는 기능입니다.
근거 문서: admin/기능명세서/D03-매출관리/SAL-EXT-02-세금계산서발행/00-기본기능.md"
452	SAL-EXT-02-08	엑셀 다운로드	"계약서에 엑셀 다운로드 기능 명시는 없으나,
 단순히 발행 내역 테이블을 엑셀 파일로 다운로드하는 기본 기능이라면 무상 가능해보임.
또한 LV3 기능에서의 ""파일명 규칙""에 대해서는 협의된 1종 규칙 정도일때 무상으로 보임."	"[기획 답변] 제로스트 의견처럼 계약서 명시/유무상 판단과 기획 설명은 분리됩니다. 해당 항목의 기획 기준은 다음과 같고, 최종 계약 범위 판단은 판도-제로스트 협의 사항입니다. 엑셀 다운로드는 발행 이력 테이블의 현재 검색/필터 결과를 내려받는 기능입니다. 파일명 규칙은 협의된 1종 규칙으로 적용 가능합니다.
근거 문서: admin/기능명세서/D03-매출관리/SAL-EXT-02-세금계산서발행/00-기본기능.md"
460	SAL-EXT-04-07	처리 확인 모달	"LV3 기준으로 ""DLG-S013 기준 확인 / 결과 모달 DLG-S014""와 같이 적혀있는데,
기획코드가 아닌 기능 명시 필요함."	"[기획 답변] 제로스트 의견처럼 계약서 명시/유무상 판단과 기획 설명은 분리됩니다. 해당 항목의 기획 기준은 다음과 같고, 최종 계약 범위 판단은 판도-제로스트 협의 사항입니다. DLG-S013은 환불/취소 처리 전 최종 확인 모달이고 DLG-S014는 처리 결과 안내 모달입니다. 실제 기능은 처리 전 금액·수단·사유 확인과 처리 완료 결과 표시입니다.
근거 문서: admin/기능명세서/D03-매출관리/SAL-EXT-04-결제취소부분환불/00-기본기능.md"
461	SAL-EXT-04-08	처리 완료 안내	"LV3 기준으로 ""SCR-S007 이동 CTA""와 같이 적혀있는데, 
화면설계 기획코드가 아닌 기능 명시 필요."	"[기획 답변] 제로스트 의견처럼 계약서 명시/유무상 판단과 기획 설명은 분리됩니다. 해당 항목의 기획 기준은 다음과 같고, 최종 계약 범위 판단은 판도-제로스트 협의 사항입니다. 처리 완료 안내의 SCR-S007 이동 CTA는 환불/취소 처리 후 환불관리 화면으로 이동하는 버튼입니다.
근거 문서: admin/기능명세서/D03-매출관리/SAL-EXT-04-결제취소부분환불/00-기본기능.md"
463	SAL-EXT-04-10	예외 처리	"LV3 기준으로 ""결제링크 미완료 시 링크 취소"" 기능 확인 필요.

""결제링크"" 관련 기능은 계약서에도 없고 고객사에서도 내부 확인 필요하다고 했음."	"[기획 답변] 제로스트 의견처럼 계약서 명시/유무상 판단과 기획 설명은 분리됩니다. 해당 항목의 기획 기준은 다음과 같고, 최종 계약 범위 판단은 판도-제로스트 협의 사항입니다. 결제링크 미완료 건은 환불 대상이 아니라 링크 취소로 처리합니다. 이미 결제 완료된 건만 환불/취소 처리 대상입니다.
근거 문서: admin/기능명세서/D03-매출관리/SAL-EXT-04-결제취소부분환불/00-기본기능.md"
465	STF-01-01	요약 지표 카드	"LV3 기준으로 ""4종 카드 렌더링""이라고 적혀있는데, 4종에 대한 명시 후 판단 가능."	"[기획 답변] 제로스트 의견처럼 계약서 명시/유무상 판단과 기획 설명은 분리됩니다. 해당 항목의 기획 기준은 다음과 같고, 최종 계약 범위 판단은 판도-제로스트 협의 사항입니다. 직원 목록 요약 지표 4종은 전체 직원, 재직, 휴직/정지, 퇴사 예정/최근 퇴사 성격의 카드입니다.
근거 문서: admin/기능명세서/D07-직원관리/STF-01-직원목록/00-기본기능.md"
468	STF-01-04	일괄 작업	"고객사 측에서 정의가 아직 확실히되지 않아서, 다시 공유해주셔야 판단 가능.

LV3에서 ""메시지 전송 → SCR-071, 퇴사 처리 → DLG-060-002 → SCR-062""
와 같이 기획코드로 적어둔 것도 기능 명시 필요."	"[기획 답변] 제로스트 의견처럼 계약서 명시/유무상 판단과 기획 설명은 분리됩니다. 해당 항목의 기획 기준은 다음과 같고, 최종 계약 범위 판단은 판도-제로스트 협의 사항입니다. 일괄 작업은 선택 직원 대상 메시지 전송, 권한/상태 변경, 퇴사 처리 등 운영 액션입니다. 각 화면코드는 해당 액션의 이동 대상 또는 확인 다이얼로그입니다.
근거 문서: admin/기능명세서/D07-직원관리/STF-01-직원목록/00-기본기능.md"
469	STF-01-05	직원 목록 테이블	"LV3 기준.
""9개  컬럼 렌더링"" => 9개 컬럼 정의 불명확.
""직원명 클릭 → STF-02 상세"" => 기획 코드 아닌 기능 명시 필요.
""모바일 풀스크린"" => 어떤 기능인지 명시 필요.
""더보기 메뉴"" => 여기서 어디로 가는건지, 기능 어떤건지 명시 필요.

"	"[기획 답변] 제로스트 의견의 계약 범위 이견과 구분해 답변드립니다. 기능 정의는 기획 문서 기준 다음과 같습니다. 직원 목록 9개 컬럼은 체크박스, 직원명, 직무, 연락처, 소속 지점, 재직 상태, 권한 역할, 최근 근태, 액션입니다. 직원명 클릭은 직원 상세 진입, 더보기는 수정/권한/퇴사 등 행 액션입니다. 모바일 풀스크린은 PC Web 필수 범위가 아닙니다.
근거 문서: admin/기능명세서/D07-직원관리/STF-01-직원목록/00-기본기능.md"
471	STF-01-07	직원 등록 진입	"LV3에서 ""[직원 등록] → SCR-061""와 같이 기획코드 명시된 부분은 기능 명시 필요."	"[기획 답변] 제로스트 의견처럼 계약서 명시/유무상 판단과 기획 설명은 분리됩니다. 해당 항목의 기획 기준은 다음과 같고, 최종 계약 범위 판단은 판도-제로스트 협의 사항입니다. 직원 등록 진입은 직원 등록 화면(SCR-061)으로 이동하는 버튼입니다. 실제 기능은 신규 직원 기본정보/직무/권한/계정 등록입니다.
근거 문서: admin/기능명세서/D07-직원관리/STF-01-직원목록/00-기본기능.md"
472	STF-01-08	본사 통합 조회	"LV3에서 ""지점명 컬럼 자동 표시""가 어떤 기능인지 확인 필요."	"[기획 답변] 제로스트 O열 의견을 기준으로 답변드립니다. 본사 통합 조회의 지점명 컬럼 자동 표시는 여러 지점 직원을 함께 볼 때 각 직원의 소속 지점을 테이블 컬럼에 자동 노출하는 기능입니다.
근거 문서: admin/기능명세서/D07-직원관리/STF-01-직원목록/00-기본기능.md"
473	STF-01-09	명단 엑셀 다운로드	"엑셀 다운로드 기능 계약서에 명시 없음.

단순 현재 필터 기준 엑셀 파일 다운로드 정도가 아닌,
LV3 기준으로 현재 필터/전체 분기, 파일명 로직 등까지 들어가게 되면 유상으로 판단됨."	"[기획 답변] 제로스트 의견처럼 계약서 명시/유무상 판단과 기획 설명은 분리됩니다. 해당 항목의 기획 기준은 다음과 같고, 최종 계약 범위 판단은 판도-제로스트 협의 사항입니다. 명단 엑셀 다운로드는 현재 필터 기준 직원 목록 다운로드입니다. 전체/필터 분기와 파일명 규칙은 운영 편의 옵션입니다.
근거 문서: admin/기능명세서/D07-직원관리/STF-01-직원목록/00-기본기능.md"
475	STF-02-01	담당 회원 목록	"LV3에서 ""회원명 클릭 → SCR-M004""와 같이 기획코드 적은 부분은 기능 명시 필요."	"[기획 답변] 제로스트 의견처럼 계약서 명시/유무상 판단과 기획 설명은 분리됩니다. 해당 항목의 기획 기준은 다음과 같고, 최종 계약 범위 판단은 판도-제로스트 협의 사항입니다. 담당 회원 목록에서 회원명 클릭은 회원 상세 화면으로 이동하는 기능입니다. 직원 상세에서 해당 직원이 담당하는 회원을 확인하는 용도입니다.
근거 문서: admin/기능명세서/D07-직원관리/STF-02-직원상세/00-기본기능.md"
478	STF-02-04	근태 요약 카드	"계약서에서는 근태 관리로만 적혀있는데,
 
 근태 요약 카드가 단순히 근태(출퇴근 기록) 표시 정도라면 무상 가능해보임."	"[기획 답변] 제로스트 의견처럼 계약서 명시/유무상 판단과 기획 설명은 분리됩니다. 해당 항목의 기획 기준은 다음과 같고, 최종 계약 범위 판단은 판도-제로스트 협의 사항입니다. 근태 요약 카드는 해당 직원의 출근일수, 지각, 결근, 초과근무 성격의 요약 지표입니다.
근거 문서: admin/기능명세서/D07-직원관리/STF-02-직원상세/00-기본기능.md"
480	STF-02-06	계정 / 보안 카드	"LV3에서 활성 세션 부분은 어떤 건지 확인 필요. 
계약서에서는 세션 관리 관련 명시 없음."	"[기획 답변] 제로스트 의견처럼 계약서 명시/유무상 판단과 기획 설명은 분리됩니다. 해당 항목의 기획 기준은 다음과 같고, 최종 계약 범위 판단은 판도-제로스트 협의 사항입니다. 계정/보안 카드의 활성 세션은 현재 로그인 유지 중인 브라우저/기기 세션 목록입니다. 필요 시 세션 만료 처리로 보안 사고에 대응합니다.
근거 문서: admin/기능명세서/D07-직원관리/STF-02-직원상세/00-기본기능.md"
481	STF-02-07	헤더 액션	"헤더액션에 대해서는 고객사에서 명시해주셨으나,
 
 직원에 대한 메세지 등록 기능 등 계약서에 없는 기능에 대해서 고객사 측에서 논의중이라고 하며, 관련하여 확실히하여 전달주셔야함."	"[기획 답변] 제로스트 의견의 계약 범위 이견과 구분해 답변드립니다. 기능 정의는 기획 문서 기준 다음과 같습니다. 헤더 액션은 직원 수정, 메시지 전송, 권한 변경, 퇴사 처리 등 직원 상세 상단의 빠른 액션입니다. 메시지 전송 등 계약 범위 이견이 있는 항목은 별도 협의 가능합니다.
근거 문서: admin/기능명세서/D07-직원관리/STF-02-직원상세/00-기본기능.md"
482	STF-02-08	본인 조회 모드	"본인조희 모드에 대해서 계약서에 명시되어있지 않으나,
LV3 기준으로 인사 메모(비공개)를 HIDDEN 처리하고 본인 실적/근태만 표시하는 정도면 
필수 기능으로 판단됨."	"[기획 답변] 제로스트 의견처럼 계약서 명시/유무상 판단과 기획 설명은 분리됩니다. 해당 항목의 기획 기준은 다음과 같고, 최종 계약 범위 판단은 판도-제로스트 협의 사항입니다. 본인 조회 모드는 직원 본인이 자신의 상세를 볼 때 인사 메모 등 비공개 정보를 숨기고 본인 실적/근태만 조회하게 하는 모드입니다.
근거 문서: admin/기능명세서/D07-직원관리/STF-02-직원상세/00-기본기능.md"
489	STF-04-04	인수인계 (2단계)	고객사 측에서도 클라이언트에 문의해봐야한다고 함.	"[기획 답변] 제로스트 O열 의견을 기준으로 답변드립니다. 인수인계 2단계는 퇴사 직원의 담당 회원, 진행 상담, 미처리 업무를 후임자에게 배정하는 절차입니다. 고객사 운영 기준에 따라 후임자 지정 방식만 확정하면 됩니다.
근거 문서: admin/기능명세서/D07-직원관리/STF-04-직원퇴사처리/00-기본기능.md"
490	STF-04-05	스케줄 정리 (3단계)	"LV3 기준으로 ""자동 정리 미리보기"", ""수업 자동 이동"" 등 자동 정리/이동 관련해서는
어떤 자동 로직인지 확인 후 판단 필요.
계약서에 명시된 부분도 없음."	"[기획 답변] 제로스트 의견처럼 계약서 명시/유무상 판단과 기획 설명은 분리됩니다. 해당 항목의 기획 기준은 다음과 같고, 최종 계약 범위 판단은 판도-제로스트 협의 사항입니다. 스케줄 정리 3단계는 퇴사 직원에게 배정된 향후 수업/상담/근무 일정을 조회하고 후임자 배정 또는 취소 대상으로 분류하는 절차입니다. 자동 이동은 미리보기 후 확정합니다.
근거 문서: admin/기능명세서/D07-직원관리/STF-04-직원퇴사처리/00-기본기능.md"
493	STF-04-08	처리 완료	"LV3에서 ""SCR-060 자동 갱신"", ""감사 로그 INSERT (SCR-097)""와 같이 
기획코드로 적힌 부분은 실제 기능 명시 필요."	"[기획 답변] 제로스트 의견처럼 계약서 명시/유무상 판단과 기획 설명은 분리됩니다. 해당 항목의 기획 기준은 다음과 같고, 최종 계약 범위 판단은 판도-제로스트 협의 사항입니다. 처리 완료는 퇴사 처리 후 직원 목록을 갱신하고 감사 로그를 기록하는 기능입니다. SCR/SCR-097 표기는 화면 갱신 및 감사 로그 기록을 의미합니다.
근거 문서: admin/기능명세서/D07-직원관리/STF-04-직원퇴사처리/00-기본기능.md"
498	PAY-STF-01-03	요약 지표 카드	"LV3 기준으로 요약 지표에서 ""5종 카드""로만 적혀있는데, 5종 카드가 뭔지 확인 필요."	"[기획 답변] 제로스트 O열 의견을 기준으로 답변드립니다. 근태 요약 지표 5종은 총 근무시간, 출근일수, 지각, 조퇴, 결근입니다.
근거 문서: admin/기능명세서/D07-직원관리/PAY-STF-01-근태관리/00-기본기능.md"
499	PAY-STF-01-04	근태 목록 테이블	"LV3 기준으로
""8개 컬럼"" => 어떤 8개 컬럼인지 확인 필요.
""상태 배지 6종"" => 6종이 어떤건지 확인 필요
""출처 배지"" => 어떤건지 확인 필요.
""보정 이력 hover"" => 어떤 hover 기능인지 확인 필요."	"[기획 답변] 제로스트 O열 의견을 기준으로 답변드립니다. 근태 목록 8개 컬럼은 일자, 직원명, 출근시각, 퇴근시각, 근무시간, 상태, 출처, 보정 이력입니다. 상태 배지 6종은 정상, 지각, 조퇴, 결근, 휴가, 외근입니다. 출처 배지는 키오스크, IoT, 수동 보정, 누락 추가입니다. hover는 보정 작성자·일시·사유 상세 표시입니다.
근거 문서: admin/기능명세서/D07-직원관리/PAY-STF-01-근태관리/00-기본기능.md"
504	PAY-STF-01-09	본인 모드	"계약서에 따로 명시된 내용은 없음.
LV3에 명시된대로 보정/추가 영역 HIDDEN과 본인 데이터 조회 정도면 필수 무상 기능으로 판단됨."	"[기획 답변] 제로스트 의견처럼 계약서 명시/유무상 판단과 기획 설명은 분리됩니다. 해당 항목의 기획 기준은 다음과 같고, 최종 계약 범위 판단은 판도-제로스트 협의 사항입니다. 본인 모드는 직원 본인이 자신의 근태만 읽기 전용으로 조회하는 모드입니다. 보정/추가 영역은 숨깁니다.
근거 문서: admin/기능명세서/D07-직원관리/PAY-STF-01-근태관리/00-기본기능.md"
505	PAY-STF-01-10	본사 통합 모드	"LV3에 나온 ""지점별 비교""의 범위가 불명확.
지점별로 근태 출근율, 근태 등을 비교하는건지?"	"[기획 답변] 제로스트 의견처럼 계약서 명시/유무상 판단과 기획 설명은 분리됩니다. 해당 항목의 기획 기준은 다음과 같고, 최종 계약 범위 판단은 판도-제로스트 협의 사항입니다. 본사 통합 모드는 지점별 출근율, 지각/결근 건수, 총 근무시간 등 근태 요약을 비교하는 본사 권한 화면입니다.
근거 문서: admin/기능명세서/D07-직원관리/PAY-STF-01-근태관리/00-기본기능.md"
507	PAY-STF-02-01	지급 월 선택 → 자동 계산	"LV3에서 ""전월 이전 잠금"" 기능이 어떤건지 명시 필요."	"[기획 답변] 제로스트 의견처럼 계약서 명시/유무상 판단과 기획 설명은 분리됩니다. 해당 항목의 기획 기준은 다음과 같고, 최종 계약 범위 판단은 판도-제로스트 협의 사항입니다. 전월 이전 잠금은 급여 확정·마감된 과거 월의 급여 계산값을 일반 사용자가 임의 수정하지 못하게 막는 기능입니다.
근거 문서: admin/기능명세서/D07-직원관리/PAY-STF-02-급여관리/00-기본기능.md"
508	PAY-STF-02-02	요약 지표 카드	"LV3에서 ""4종 카드""에 대한 내용이 어떤건지 확인 필요."	"[기획 답변] 제로스트 O열 의견을 기준으로 답변드립니다. 급여 요약 카드 4종은 총 지급액, 지급 대상 직원 수, 공제 합계, 실지급액입니다.
근거 문서: admin/기능명세서/D07-직원관리/PAY-STF-02-급여관리/00-기본기능.md"
510	PAY-STF-02-04	직원별 급여 테이블	"LV3에서 ""10개 컬럼""이 어떤 컬럼들인지 확인 필요."	"[기획 답변] 제로스트 O열 의견을 기준으로 답변드립니다. 직원별 급여 테이블 10개 컬럼은 직원명, 직무, 기본급, 수당, 인센티브, 공제, 세금/4대보험, 총 지급액, 실지급액, 상태/액션입니다.
근거 문서: admin/기능명세서/D07-직원관리/PAY-STF-02-급여관리/00-기본기능.md"
511	PAY-STF-02-05	수당/공제 편집 (DLG-064-001)	"계약서에는 급여 자동 계산만 명시되어 있고, 수당/공제 편집 등에 대한 명시 없음.
 
 다만, 실제 급여 관리 시 필요한 항목으로 보여서 필수 항목 추가 기능으로 구분."	"[기획 답변] 제로스트 의견처럼 계약서 명시/유무상 판단과 기획 설명은 분리됩니다. 해당 항목의 기획 기준은 다음과 같고, 최종 계약 범위 판단은 판도-제로스트 협의 사항입니다. 수당/공제 편집은 급여 자동 계산 결과에 수동 수당·공제 항목을 추가/수정하는 다이얼로그입니다. 실제 급여 관리에 필요한 보정 기능입니다.
근거 문서: admin/기능명세서/D07-직원관리/PAY-STF-02-급여관리/00-기본기능.md"
515	PAY-STF-02-09	확정 취소 + 재편집	"LV3에서 확정 취소 시 ""발송된 명세서 자동 무효"" 기능이, 단순히 CRM에서 급여명세서 목록에서 ""무효""로 데이터 저장만 하는 것인지 다른 연동 기능이 있는지 확인 필요."	"[기획 답변] 제로스트 O열 의견을 기준으로 답변드립니다. 확정 취소 시 발송된 명세서는 CRM 내 상태를 무효로 바꾸고 재발송 대상에서 제외합니다. 외부 연동 자동 취소를 의미하지 않습니다.
근거 문서: admin/기능명세서/D07-직원관리/PAY-STF-02-급여관리/00-기본기능.md"
516	PAY-STF-02-10	엑셀 내보내기	"계약서에 명시되어있지 않은 엑셀 다운로드 기능.
 
 단순히 목록 데이터를 엑셀로 다운로드하는 기본 기능이라면 무상 가능해보이나, 
LV3 기준으로 ""노무사 양식 옵션""은 추가 기능으로 판단됨."	"[기획 답변] 제로스트 의견처럼 계약서 명시/유무상 판단과 기획 설명은 분리됩니다. 해당 항목의 기획 기준은 다음과 같고, 최종 계약 범위 판단은 판도-제로스트 협의 사항입니다. 엑셀 내보내기는 급여 목록 다운로드입니다. 기본 목록 다운로드와 노무사 양식 옵션은 분리 가능하며, 노무사 양식은 별도 옵션으로 협의 가능합니다.
근거 문서: admin/기능명세서/D07-직원관리/PAY-STF-02-급여관리/00-기본기능.md"
517	PAY-STF-02-11	본사 통합 모드	"LV3에 나온 ""지점별 비교""의 범위가 불명확.
지점별로  어떤걸 비교하는지 각 비교 항목 명시 필요."	"[기획 답변] 제로스트 의견처럼 계약서 명시/유무상 판단과 기획 설명은 분리됩니다. 해당 항목의 기획 기준은 다음과 같고, 최종 계약 범위 판단은 판도-제로스트 협의 사항입니다. 본사 통합 모드는 지점별 총 지급액, 지급 대상 수, 공제 합계, 실지급액 등을 비교하는 본사 권한 화면입니다.
근거 문서: admin/기능명세서/D07-직원관리/PAY-STF-02-급여관리/00-기본기능.md"
521	PAY-STF-03-03	명세서 목록	"LV3에 나온 ""9개 컬럼"", ""발송 상태 배지(3종)"", ""수신 확인 표시""에 대한 내용 구체 명시 필요.

""수신 확인"" 부분은 고객사 측에서도 논의중이라고 말씀하신것으로 기억함."	"[기획 답변] 제로스트 의견처럼 계약서 명시/유무상 판단과 기획 설명은 분리됩니다. 해당 항목의 기획 기준은 다음과 같고, 최종 계약 범위 판단은 판도-제로스트 협의 사항입니다. 명세서 목록 9개 컬럼은 지급월, 직원명, 직무, 총지급액, 공제액, 실지급액, 발송상태, 수신확인, 액션입니다. 발송 상태 3종은 미발송, 발송완료, 발송실패입니다.
근거 문서: admin/기능명세서/D07-직원관리/PAY-STF-03-급여명세서/00-기본기능.md"
530	PAY-STF-03-12	발송 이력 조회	"단순 발송 이력 외에 LV3 기준으로 ""매니저+권한""이 어떤 기능인지 파악 불가."	"[기획 답변] 제로스트 O열 의견을 기준으로 답변드립니다. 발송 이력 조회는 명세서 발송 일시, 발송자, 채널, 성공/실패 결과를 확인하는 기능입니다. 매니저+ 권한은 이력 조회 가능 권한 기준입니다.
근거 문서: admin/기능명세서/D07-직원관리/PAY-STF-03-급여명세서/00-기본기능.md"
531	PAY-STF-03-13	무효 명세서 처리	"LV3 기준으로
""재발송 안내"" 기능은 어떤 안내 기능인지 확인 필요."	"[기획 답변] 제로스트 O열 의견을 기준으로 답변드립니다. 무효 명세서 처리는 확정 취소 등으로 기존 명세서가 무효가 되었음을 표시하고, 필요 시 새 명세서 재발송 안내를 표시하는 기능입니다.
근거 문서: admin/기능명세서/D07-직원관리/PAY-STF-03-급여명세서/00-기본기능.md"
535	MKT-05-01	계약 유형	"고객사 측에서 근로계약서 관련하여 협의 필요라고 함.
LV3에서는 ""회원 계약 / 직원 근로계약""로 명시되어있음."	"[기획 답변] 제로스트 의견의 계약 범위 이견과 구분해 답변드립니다. 기능 정의는 기획 문서 기준 다음과 같습니다. 계약 유형은 회원 계약과 직원 근로계약 2종입니다. 직원 근로계약 포함 여부는 고객사 운영/계약 범위 협의가 필요한 항목입니다.
근거 문서: admin/기능명세서/D08-마케팅/MKT-05-전자계약/00-기본기능.md"
536	MKT-05-02	계약 대상	고객사 측에서 근로계약서 관련하여 협의 필요라고 함.	"[기획 답변] 제로스트 의견처럼 계약서 명시/유무상 판단과 기획 설명은 분리됩니다. 해당 항목의 기획 기준은 다음과 같고, 최종 계약 범위 판단은 판도-제로스트 협의 사항입니다. 계약 대상은 회원 계약의 경우 회원 검색, 직원 근로계약의 경우 직원 검색으로 지정합니다.
근거 문서: admin/기능명세서/D08-마케팅/MKT-05-전자계약/00-기본기능.md"
537	MKT-05-03	템플릿 분기	"고객사 측에서 근로계약서 관련하여 협의 필요라고 함.
LV3에서는 ""자동 로드 / 4종 템플릿"" 라고 적혀있음."	"[기획 답변] 제로스트 의견처럼 계약서 명시/유무상 판단과 기획 설명은 분리됩니다. 해당 항목의 기획 기준은 다음과 같고, 최종 계약 범위 판단은 판도-제로스트 협의 사항입니다. 템플릿 4종은 회원 이용권 계약, PT 계약, 직원 근로계약, 개인정보/동의서 성격의 계약 템플릿입니다.
근거 문서: admin/기능명세서/D08-마케팅/MKT-05-전자계약/00-기본기능.md"
538	MKT-05-04	계약 내용 입력	고객사 측에서 근로계약서 관련하여 협의 필요라고 함.	"[기획 답변] 제로스트 의견처럼 계약서 명시/유무상 판단과 기획 설명은 분리됩니다. 해당 항목의 기획 기준은 다음과 같고, 최종 계약 범위 판단은 판도-제로스트 협의 사항입니다. 계약 내용 입력은 선택 템플릿에 따라 상품/기간/금액/횟수/근무조건 등 필드를 입력하는 단계입니다.
근거 문서: admin/기능명세서/D08-마케팅/MKT-05-전자계약/00-기본기능.md"
539	MKT-05-05	미리보기	고객사 측에서 근로계약서 관련하여 협의 필요라고 함.	"[기획 답변] 제로스트 의견처럼 계약서 명시/유무상 판단과 기획 설명은 분리됩니다. 해당 항목의 기획 기준은 다음과 같고, 최종 계약 범위 판단은 판도-제로스트 협의 사항입니다. 미리보기는 서명 전 계약서 내용을 PDF/문서 형태로 확인하는 단계입니다.
근거 문서: admin/기능명세서/D08-마케팅/MKT-05-전자계약/00-기본기능.md"
540	MKT-05-06	전자 서명	"고객사 측에서 근로계약서 관련하여 협의 필요라고 함.
LV3에는 ""화면 직접 서명
원격 서명 링크
서명 완료 자동 저장"" 라고 적혀있음."	"[기획 답변] 제로스트 의견의 계약 범위 이견과 구분해 답변드립니다. 기능 정의는 기획 문서 기준 다음과 같습니다. 전자 서명은 화면 직접 서명과 원격 서명 링크를 지원하고, 서명 완료 시 계약 이력에 자동 저장합니다. 원격 링크 범위는 협의 가능합니다.
근거 문서: admin/기능명세서/D08-마케팅/MKT-05-전자계약/00-기본기능.md"
541	MKT-05-07	계약 이력	고객사 측에서 근로계약서 관련하여 협의 필요라고 함.	"[기획 답변] 제로스트 의견처럼 계약서 명시/유무상 판단과 기획 설명은 분리됩니다. 해당 항목의 기획 기준은 다음과 같고, 최종 계약 범위 판단은 판도-제로스트 협의 사항입니다. 계약 이력은 작성일, 대상자, 계약 유형, 서명 상태, 작성자, 파일/액션을 조회하는 목록입니다.
근거 문서: admin/기능명세서/D08-마케팅/MKT-05-전자계약/00-기본기능.md"
542	MKT-05-08	재발송	"고객사 측에서 근로계약서 관련하여 협의 필요라고 함.
LV3에는 ""이메일 재전송
앱 재전송"" 라고 적혀있음"	"[기획 답변] 제로스트 의견처럼 계약서 명시/유무상 판단과 기획 설명은 분리됩니다. 해당 항목의 기획 기준은 다음과 같고, 최종 계약 범위 판단은 판도-제로스트 협의 사항입니다. 재발송은 미서명 또는 재확인이 필요한 계약서 서명 요청을 이메일/앱 등 기존 발송 채널로 다시 보내는 기능입니다.
근거 문서: admin/기능명세서/D08-마케팅/MKT-05-전자계약/00-기본기능.md"
544	CTR-01-01	지점 목록	"LV3 기준으로 ""9개 컬럼""이 어떤게 있는지 확인 필요."	"[기획 답변] 제로스트 O열 의견을 기준으로 답변드립니다. 지점 목록 9개 컬럼은 지점명, 지점코드, 유형, 주소, 센터장, 운영상태, 회원수, 매출/출석 요약, 액션입니다.
근거 문서: admin/기능명세서/D10-본사관리/CTR-01-지점관리/00-기본기능.md"
546	CTR-01-03	신규 지점 등록	"LV3에서 ""DLG-092-001""와 같이 기획코드명으로 적혀있는데, 실제 기능 명시 필요."	"[기획 답변] 제로스트 의견처럼 계약서 명시/유무상 판단과 기획 설명은 분리됩니다. 해당 항목의 기획 기준은 다음과 같고, 최종 계약 범위 판단은 판도-제로스트 협의 사항입니다. DLG-092-001은 신규 지점 등록 다이얼로그입니다. 지점명, 주소, 운영 시작일, 초기 센터장, 정책 세트를 입력해 지점을 등록합니다.
근거 문서: admin/기능명세서/D10-본사관리/CTR-01-지점관리/00-기본기능.md"
548	CTR-01-05	비활성화	"LV3에 ""DLG-092-002""와 같이 기획코드명으로 적힌 부분에 대해서 실제 기능 명시 필요."	"[기획 답변] 제로스트 의견처럼 계약서 명시/유무상 판단과 기획 설명은 분리됩니다. 해당 항목의 기획 기준은 다음과 같고, 최종 계약 범위 판단은 판도-제로스트 협의 사항입니다. DLG-092-002는 비활성화 확인 다이얼로그입니다. 임시휴업/폐점 처리 전 진행 중 회원·예약 영향과 확인 문구를 검토합니다.
근거 문서: admin/기능명세서/D10-본사관리/CTR-01-지점관리/00-기본기능.md"
549	CTR-01-06	통합 비교	"통합비교에 대한 고객사 측에 대한 명확한 답변 없음.

LV3에서의 ""차트+테이블"" 기능이 어떤 기능이 들어가는지 각 차트/테이블 기능 확인 후 판단 가능."	"[기획 답변] 제로스트 의견처럼 고객사/판도 확정이 필요한 지점은 따로 구분합니다. 현재 기획 답변으로 정리할 수 있는 문서상 정의는 다음과 같습니다. 통합 비교는 지점별 매출, 회원, 출석률, KPI를 차트와 테이블로 비교하는 화면입니다. 행 클릭 시 지점 리포트로 이동합니다.
근거 문서: admin/기능명세서/D10-본사관리/CTR-01-지점관리/00-기본기능.md"
550	CTR-01-07	정책 적용	"본사 정책 일괄 적용 등에 대해서 계약서에 명시되어있지 않음.
 어떤 정책을 적용하는지를 알아야 판단 가능해보임."	"[기획 답변] 제로스트 의견처럼 계약서 명시/유무상 판단과 기획 설명은 분리됩니다. 해당 항목의 기획 기준은 다음과 같고, 최종 계약 범위 판단은 판도-제로스트 협의 사항입니다. 정책 적용은 본사 표준 정책 세트(HQ-09)를 신규 지점 또는 선택 지점에 적용하는 기능입니다. 어떤 정책을 적용할지는 HQ-09 정책 세트 기준입니다.
근거 문서: admin/기능명세서/D10-본사관리/CTR-01-지점관리/00-기본기능.md"
554	SET-02	권한 설정 (RBAC 매트릭스 + 영향 분석)	"영향분석에 대한 기능이 어떤건지 판단 불가. 고객사측 명확한 답변 없음.
 
 RBAC 체계에 대해서도 계약서는 6단계 + 커스텀 역할 기준으로 적혀있는데, 명확한 기준이 없음."	"[기획 답변] 제로스트 의견처럼 계약서 명시/유무상 판단과 기획 설명은 분리됩니다. 해당 항목의 기획 기준은 다음과 같고, 최종 계약 범위 판단은 판도-제로스트 협의 사항입니다. RBAC는 7종 기본 역할과 커스텀 역할을 9개 메뉴 그룹 x 5종 권한으로 관리하는 기능입니다. 영향 분석은 저장 전 배정 직원 수, 담당 회원 수, 영향 직원 목록, 변경 전후 권한 차이를 확인하는 안전장치입니다.
근거 문서: admin/기능명세서/D09-설정관리/SET-02-권한설정/00-기본기능.md"
555	HQ-02	KPI 대시보드 (24종 + 강습 세션 + 상담 퍼널)	"24종 지표에 대해서 계약서에 명시 없음.
 
 각 지표에 대한 설명 및 기능 내용 불명확."	"[기획 답변] 제로스트 의견처럼 계약서 명시/유무상 판단과 기획 설명은 분리됩니다. 해당 항목의 기획 기준은 다음과 같고, 최종 계약 범위 판단은 판도-제로스트 협의 사항입니다. HQ-02는 KPI 24종을 상담 퍼널, 재등록, GX, OT, 강습 세션, 추이 차트, 지점 비교로 묶어 보여주는 KPI 대시보드입니다. 각 지표 구성은 기능명세서 기준으로 정의되어 있습니다.
근거 문서: admin/기능명세서/D10-본사관리/HQ-02-KPI대시보드/00-기본기능.md"
556	SET-02	권한 설정 (RBAC 매트릭스 + 영향 분석)	"영향분석에 대한 기능이 어떤건지 판단 불가. 고객사측 명확한 답변 없음.
 
 RBAC 체계에 대해서도 계약서는 6단계 + 커스텀 역할 기준으로 적혀있는데, 명확한 기준이 없음."	"[기획 답변] 제로스트 의견처럼 계약서 명시/유무상 판단과 기획 설명은 분리됩니다. 해당 항목의 기획 기준은 다음과 같고, 최종 계약 범위 판단은 판도-제로스트 협의 사항입니다. RBAC는 7종 기본 역할과 커스텀 역할을 9개 메뉴 그룹 x 5종 권한으로 관리하는 기능입니다. 영향 분석은 저장 전 배정 직원 수, 담당 회원 수, 영향 직원 목록, 변경 전후 권한 차이를 확인하는 안전장치입니다.
근거 문서: admin/기능명세서/D09-설정관리/SET-02-권한설정/00-기본기능.md"
558	HQ-05-01	프리-온보딩 KPI	"LV3에서 ""6종 카드""에 대한 명시가 없음.
""WI/TI 분리""는 대면과 비대면 상담 분리라고 전달받은것으로 기억함."	"[기획 답변] 제로스트 의견처럼 계약서 명시/유무상 판단과 기획 설명은 분리됩니다. 해당 항목의 기획 기준은 다음과 같고, 최종 계약 범위 판단은 판도-제로스트 협의 사항입니다. 프리-온보딩 6종 카드는 이번 달 신규 리드 수, 연락 완료 건수, 방문 완료 건수, 등록 전환 건수, 리드 전환율, WI vs TI 건수입니다.
근거 문서: admin/기능명세서/D10-본사관리/HQ-05-온보딩대시보드/00-기본기능.md"
559	HQ-05-02	신규 유치 KPI	"LV3에서 ""4종 카드""에 어떤게 있는지 확인 필요.
""회원 소개 비중""에 대해서는 회원 소개 기능이 없는데 어떻게 연결하는건지?"	"[기획 답변] 제로스트 O열 의견을 기준으로 답변드립니다. 신규 유치 4종 카드는 이번 달 신규 등록 회원, 리드 누락률, 회원소개 유입 비중, 가입경로 분포입니다. 회원소개는 리드/회원의 유입경로 값 기준입니다.
근거 문서: admin/기능명세서/D10-본사관리/HQ-05-온보딩대시보드/00-기본기능.md"
562	HQ-05-05	단계 진행률	"LV3에서 ""5단계""라고 적힌 부분이 어떤건지 확인 필요."	"[기획 답변] 제로스트 O열 의견을 기준으로 답변드립니다. 온보딩 5단계는 가입, 초기 상담, 체성분 측정, 프로그램 배정, 첫 수업 완료입니다.
근거 문서: admin/기능명세서/D10-본사관리/HQ-05-온보딩대시보드/00-기본기능.md"
563	HQ-05-06	신규 회원 목록	"LV3에서 ""6개 컬럼""이 어떤건지 확인 필요. ""색상 구분""은 어떤 색상을 구분하는건지 확인 필요."	"[기획 답변] 제로스트 O열 의견을 기준으로 답변드립니다. 신규 회원 목록 6개 컬럼은 등록일, 경과일, 방문 횟수, PT 체험 완료, GX 참여, 온보딩 상태입니다. 색상 구분은 정상/주의/이탈 위험 상태 표시입니다.
근거 문서: admin/기능명세서/D10-본사관리/HQ-05-온보딩대시보드/00-기본기능.md"
564	HQ-05-07	이탈 위험 섹션	"LV3에서 ""후속 조치 액션""은 어떤 기능인지 확인 필요."	"[기획 답변] 제로스트 O열 의견을 기준으로 답변드립니다. 이탈 위험 섹션은 등록 7일 내 출석 1회 이하 등 초기 이탈 징후 회원을 강조하고 담당 FC 후속 조치로 연결하는 영역입니다.
근거 문서: admin/기능명세서/D10-본사관리/HQ-05-온보딩대시보드/00-기본기능.md"
566	HQ-06-01	오늘의 할 일 목록	"LV3에서 ""6개 항목""이 뭔지 확인 필요. ""우선순위 배지""에서 우선순위는 뭘로 정하는건지 확인 필요. "	"[기획 답변] 제로스트 O열 의견을 기준으로 답변드립니다. 오늘의 할 일 6개 항목은 제목, 우선순위 배지, 담당자, 마감 시각, 완료 체크박스, 액션입니다. 우선순위는 높음/보통/낮음입니다.
근거 문서: admin/기능명세서/D10-본사관리/HQ-06-TodayTasks/00-기본기능.md"
567	HQ-06-02	진행 현황 요약	"LV3에서 ""4종 카드""가 뭔지 확인 필요."	"[기획 답변] 제로스트 O열 의견을 기준으로 답변드립니다. 진행 현황 4종 카드는 전체 항목, 완료 항목, 미완료 항목, 완료율입니다.
근거 문서: admin/기능명세서/D10-본사관리/HQ-06-TodayTasks/00-기본기능.md"
568	HQ-06-03	필터 탭	고객사측에서 잘못 작성한 부분이라서 다시 전달할 예정이라고 함	"[기획 답변] 제로스트 의견처럼 고객사/판도 확정이 필요한 지점은 따로 구분합니다. 현재 기획 답변으로 정리할 수 있는 문서상 정의는 다음과 같습니다. 필터 탭은 전체, 미완료, 완료 3종입니다.
근거 문서: admin/기능명세서/D10-본사관리/HQ-06-TodayTasks/00-기본기능.md"
569	HQ-06-04	태스크 추가	"LV3에서 ""DLG-098-001""로 적혀있는데, 기획코드가 아닌 기능 명시 필요.

""우선순위"" 부분은 어떤 기능인지 확인 필요.

""공유 범위"" 부분도 어떤 기능인지 확인 필요."	"[기획 답변] 제로스트 의견의 계약 범위 이견과 구분해 답변드립니다. 기능 정의는 기획 문서 기준 다음과 같습니다. 태스크 추가 다이얼로그는 제목, 담당자, 마감일/시각, 우선순위, 공유 범위(개인/지점)를 입력해 할 일을 추가하는 기능입니다.
근거 문서: admin/기능명세서/D10-본사관리/HQ-06-TodayTasks/00-기본기능.md"
570	HQ-06-05	태스크 수정	"LV3에서 ""DLG-098-002""라고 기획코드 적힌 부분은 실제 기능 명시 필요."	"[기획 답변] 제로스트 의견의 계약 범위 이견과 구분해 답변드립니다. 기능 정의는 기획 문서 기준 다음과 같습니다. 태스크 수정 다이얼로그는 기존 태스크의 제목, 담당자, 마감, 우선순위, 공유 범위를 수정하는 기능입니다.
근거 문서: admin/기능명세서/D10-본사관리/HQ-06-TodayTasks/00-기본기능.md"
571	HQ-06-06	완료 처리	"LV3에서 ""취소선+완료 배지"" 기능은 어떤 기능인지 확인 필요."	"[기획 답변] 제로스트 O열 의견을 기준으로 답변드립니다. 완료 처리는 체크박스 클릭 시 해당 태스크에 취소선과 완료 배지를 표시하고 완료율을 갱신하는 기능입니다.
근거 문서: admin/기능명세서/D10-본사관리/HQ-06-TodayTasks/00-기본기능.md"
573	HQ-06-08	KPI 액션 연동	"KPI 액션 연동에 대한 구체적인 로직 설명이 없어서 판단 불가

LV3에서는 ""HQ-03 액션 자동 추가""로 적혀있는데, 코드 말고 실제 기능 명시 필요."	"[기획 답변] 제로스트 의견처럼 계약서 명시/유무상 판단과 기획 설명은 분리됩니다. 해당 항목의 기획 기준은 다음과 같고, 최종 계약 범위 판단은 판도-제로스트 협의 사항입니다. KPI 액션 연동은 HQ-03 액션 큐에서 생성된 후속 업무가 Today Tasks에 자동 추가되고, 처리 상태가 KPI 액션 처리 결과와 동기화되는 구조입니다.
근거 문서: admin/기능명세서/D10-본사관리/HQ-06-TodayTasks/00-기본기능.md"
578	HQ-07-04	포함 항목	"LV3에서 ""체크박스 세부 항목""이 어떤건지 확인 필요. ""유형별 항목 셋 변경""도 어떤 항목 셋인지 확인 필요."	"[기획 답변] 제로스트 O열 의견을 기준으로 답변드립니다. 체크박스 세부 항목은 리포트에 포함할 섹션/지표를 선택하는 영역입니다. 리포트 유형을 매출, 회원 현황, 출석, 수업, 종합 중 무엇으로 선택했는지에 따라 기본 포함 항목 셋이 바뀝니다.
근거 문서: admin/기능명세서/D10-본사관리/HQ-07-리포트/00-기본기능.md"
589	HQ-EXT-03-05	예측 인사이트	"LV3에서는 ""근거요인 설명"", ""이탈 위험 회원 목록"", ""권장 대응 액션""으로 적혀있는데,

인사이트를 누가 어떻게 생성하는건지에 대한 기능 설명이 없어서 판단 불가"	"[기획 답변] 제로스트의 판단불가 사유에 대해 기능 의미를 다음과 같이 명확히 정리합니다. 예측 인사이트는 사용자가 수기로 작성하는 것이 아니라 예측 실행 결과로 생성됩니다. 구성은 예측 근거 요인, 이탈 위험 회원 목록, 권장 대응 액션입니다. 모델은 선형 회귀+계절성 분해 기반 시계열 회귀입니다.
근거 문서: admin/기능명세서/D10-본사관리/HQ-EXT-03-예측분석/00-기본기능.md"
590	HQ-EXT-03-06	시나리오 비교 테이블	"고객사 측에서 보완하여 전달 예정이라고 함.
 계약서에는 명시되지 않은 기능이라서 보완 전달하더라도 추가 사항이 될 것으로 추정됨.
(LV3에서는 ""시나리오별 수치 비교""라고만 되어있음)"	"[기획 답변] 제로스트 의견의 계약 범위 이견과 구분해 답변드립니다. 기능 정의는 기획 문서 기준 다음과 같습니다. 시나리오 비교 테이블은 낙관, 기본, 보수 3개 시나리오별 예측 수치를 비교하는 표입니다. 기능 정의는 문서에 있으나 계약 범위 포함 여부는 별도 협의 대상으로 분리 가능합니다.
근거 문서: admin/기능명세서/D10-본사관리/HQ-EXT-03-예측분석/00-기본기능.md"
595	PAY-01-02	회원 검색	"LV3에서 ""X해제"" 기능이 어떤건지 확인 필요."	"[기획 답변] 제로스트 O열 의견을 기준으로 답변드립니다. X 해제는 선택된 회원을 취소하는 버튼입니다. 회원 검색 후 선택된 이름/전화번호가 표시된 상태에서 X를 누르면 회원 선택을 해제합니다.
근거 문서: admin/기능명세서/D03-매출관리/PAY-01-결제처리/00-기본기능.md"
597	PAY-01-04	수납 방식 선택	"LV3에서 ""계약금 수납+잔액"" 방식은 어떤건지 확인 필요.

""결제 링크 발송""도 고객사 측 논의중이라고 들은것으로 기억함."	"[기획 답변] 제로스트 의견처럼 고객사/판도 확정이 필요한 지점은 따로 구분합니다. 현재 기획 답변으로 정리할 수 있는 문서상 정의는 다음과 같습니다. 수납 방식은 현장 전액 등록, 계약금 등록+잔액, 잔액 등록, 결제링크 발송 4종입니다. 계약금 등록+잔액은 당일 수납액만 등록하고 남은 금액을 미수금 또는 할부로 라우팅하는 방식입니다.
근거 문서: admin/기능명세서/D03-매출관리/PAY-01-결제처리/00-기본기능.md"
599	PAY-01-06	이용권 개시 옵션	"LV3에서 ""완납 후 개시""는 할부 결제 완납 후 결제인것인지 확인 필요."	"[기획 답변] 제로스트 O열 의견을 기준으로 답변드립니다. 이용권 개시 옵션은 즉시 개시와 완납 후 개시입니다. 완납 후 개시는 계약금만 받은 상태에서는 이용권을 활성화하지 않고 잔액 결제 완료 후 개시하는 옵션입니다.
근거 문서: admin/기능명세서/D03-매출관리/PAY-01-결제처리/00-기본기능.md"
607	PAY-02-01	요약 지표 4종	"요약지표 4종에 대해서 계약서에 명시되지 않았으나,
LV3 기준 ""환불 총액/건수/평균/위약금' 정도의 단순 요약이라면 무상 가능해보임."	"[기획 답변] 제로스트 의견처럼 계약서 명시/유무상 판단과 기획 설명은 분리됩니다. 해당 항목의 기획 기준은 다음과 같고, 최종 계약 범위 판단은 판도-제로스트 협의 사항입니다. 환불 요약 지표 4종은 환불 총액, 환불 건수, 평균 환불액, 위약금 합계입니다.
근거 문서: admin/기능명세서/D03-매출관리/PAY-02-환불관리/00-기본기능.md"
608	PAY-02-02	위약금 합계	"위약금에 대한 내용 계약서에 없음.
 
 위약금을 어디서 처리하는지도 명시되어있지 않고, LV3에서도 ""공제 위약금 총액 표시"" 라고만 적혀있음"	"[기획 답변] 제로스트 의견처럼 계약서 명시/유무상 판단과 기획 설명은 분리됩니다. 해당 항목의 기획 기준은 다음과 같고, 최종 계약 범위 판단은 판도-제로스트 협의 사항입니다. 위약금 합계는 환불 처리 시 공제된 위약금 금액의 합계입니다. 위약금 적용 여부와 산식은 환불 정책 기준으로 협의 가능합니다.
근거 문서: admin/기능명세서/D03-매출관리/PAY-02-환불관리/00-기본기능.md"
609	PAY-02-03	날짜 필터	"LV3에 적힌 ""3프리셋""이 어떤건지 확인 필요."	"[기획 답변] 제로스트 O열 의견을 기준으로 답변드립니다. 날짜 필터 3프리셋은 오늘, 이번 달, 지난 달입니다.
근거 문서: admin/기능명세서/D03-매출관리/PAY-02-환불관리/00-기본기능.md"
610	PAY-02-04	환불 목록 테이블	"환불 목록 테이블 기능 자체는 필요해보이나,

LV3에서의 ""14개 컬럼""에 대해서는 어떤 컬럼들인지 확인 필요."	"[기획 답변] 제로스트 O열 의견을 기준으로 답변드립니다. 환불 목록 14개 컬럼은 환불일시, 회원명, 상품명, 원결제일, 원결제금액, 환불금액, 위약금, 환불수단, 환불사유, 처리자, 원판매 담당자, 상태, 승인/귀속, 액션입니다.
근거 문서: admin/기능명세서/D03-매출관리/PAY-02-환불관리/00-기본기능.md"
617	PAY-03-01	요약 지표 4종	"요약지표에 대해서 계약서에 명시되지 않았으나,
LV3에 명시된 ""미수 총액/건수/연체/회수"" 단순 요약 및 ""연체 카드 강조 테두리"" 수준이면 무상 가능해보임."	"[기획 답변] 제로스트 의견처럼 계약서 명시/유무상 판단과 기획 설명은 분리됩니다. 해당 항목의 기획 기준은 다음과 같고, 최종 계약 범위 판단은 판도-제로스트 협의 사항입니다. 미수금 요약 지표 4종은 미수 총액, 미수 건수, 연체 금액/건수, 회수 금액입니다.
근거 문서: admin/기능명세서/D03-매출관리/PAY-03-미수금관리/00-기본기능.md"
618	PAY-03-02	상태 탭 5종 + 배지	"LV3에서 명시된 ""전체/미결제/일부/연체/완료""건에 대해
 단순 구분하는 상태탭 및 ""카운트 배지"" 정도라면 필수 기능으로 보임."	"[기획 답변] 제로스트 의견처럼 계약서 명시/유무상 판단과 기획 설명은 분리됩니다. 해당 항목의 기획 기준은 다음과 같고, 최종 계약 범위 판단은 판도-제로스트 협의 사항입니다. 상태 탭 5종은 전체, 미결제, 일부결제, 연체, 완료입니다. 각 탭에는 상태별 건수 배지를 표시합니다.
근거 문서: admin/기능명세서/D03-매출관리/PAY-03-미수금관리/00-기본기능.md"
620	PAY-03-04	미수금 목록 12 컬럼	"LV3에 나온
""12개 컬럼"", ""상태배지4종"", ""발생유형 4종""에 어떤것들이 속하는지 확인 필요."	"[기획 답변] 제로스트 O열 의견을 기준으로 답변드립니다. 미수금 목록 12개 컬럼은 발생일, 회원명, 연락처, 발생유형, 원결제/상품, 미수금액, 납입금액, 잔액, 만기일, 상태 배지, 담당자, 액션입니다. 상태 배지 4종은 완료, 연체, 일부결제, 미결제이며 발생 유형 4종은 계약금 잔액, 결제링크 미결제, 수기 분할, 정기 할부 미납입니다.
근거 문서: admin/기능명세서/D03-매출관리/PAY-03-미수금관리/00-기본기능.md"
624	PAY-03-08	엑셀 내보내기	"계약서에 엑셀 다운로드 기능이 명시되어있지 않으나,
 
LV3에서 나온대로 현재 탭/검색 적용된 상태의 단순 목록 데이터를 
엑셀로 다운로드하는 기본 기능이라면 무상 가능해보임."	"[기획 답변] 제로스트 의견처럼 계약서 명시/유무상 판단과 기획 설명은 분리됩니다. 해당 항목의 기획 기준은 다음과 같고, 최종 계약 범위 판단은 판도-제로스트 협의 사항입니다. 엑셀 내보내기는 현재 탭/검색 조건이 적용된 미수금 목록 다운로드입니다.
근거 문서: admin/기능명세서/D03-매출관리/PAY-03-미수금관리/00-기본기능.md"
645	MKT-01-03	수신자 선택	"LV3에서 ""조건그룹/리드그룹""은 어떤 기능인지 확인 필요.
""개별 검색 (DLG-071-001)""에서도 기획코드 말고 기능명시 필요."	"[기획 답변] 제로스트 의견처럼 계약서 명시/유무상 판단과 기획 설명은 분리됩니다. 해당 항목의 기획 기준은 다음과 같고, 최종 계약 범위 판단은 판도-제로스트 협의 사항입니다. 수신자 선택의 조건그룹은 상태/만료/등급/세그먼트 등 조건으로 대상자를 묶는 방식이고, 리드그룹은 CRM 리드 상태/유입경로 기준 대상 그룹입니다. 개별 검색 다이얼로그는 이름/연락처로 특정 회원 또는 리드를 선택하는 기능입니다.
근거 문서: admin/기능명세서/D08-마케팅/MKT-01-메시지발송/00-기본기능.md"
649	MKT-01-07	미리보기	"LV3에서 ""DLG-071-002""와 같이 기획코드 적은 부분은 실제 기능 명시 필요."	"[기획 답변] 제로스트 의견처럼 계약서 명시/유무상 판단과 기획 설명은 분리됩니다. 해당 항목의 기획 기준은 다음과 같고, 최종 계약 범위 판단은 판도-제로스트 협의 사항입니다. 미리보기 다이얼로그는 발송 전 제목/본문/치환값/대상 수/채널을 확인하는 화면입니다.
근거 문서: admin/기능명세서/D08-마케팅/MKT-01-메시지발송/00-기본기능.md"
651	MKT-01-09	발송 이력	"LV3에서 ""6개 컬럼""으로 적혀있는데, 6개 컬럼에 어떤게 있는지 확인 필요."	"[기획 답변] 제로스트 O열 의견을 기준으로 답변드립니다. 발송 이력 6개 컬럼은 발송일시, 채널, 제목, 대상 수, 성공/실패 수, 액션입니다.
근거 문서: admin/기능명세서/D08-마케팅/MKT-01-메시지발송/00-기본기능.md"
653	MKT-02-01	고객 알림 목록	"LV3에 나온 ""만료 step (본사) / 생일 축하 / 장기 미방문 / 등록 감사 / 첫 방문 환영"" 알림은
계약서의 자동 알림 13종 엔진(생일/만료 D-7·D-30/결석/환영 등)에 포함된다고 볼수 있으나,

해당 알림을 수신하는 주체가 앱(푸시)인지,알림톡인지, 메세지 인지 등에 대해서는 확인 필요.

계약서에서는 마케팅메세지 발송은 4채널로 되어있으나, 자동알림 13종의 수신 주체에 대해서 명시 없음."	"[기획 답변] 제로스트 의견처럼 계약서 명시/유무상 판단과 기획 설명은 분리됩니다. 해당 항목의 기획 기준은 다음과 같고, 최종 계약 범위 판단은 판도-제로스트 협의 사항입니다. 고객 알림 목록은 만료 step, 생일 축하, 장기 미방문, 등록 감사, 첫 방문 환영 등 회원 대상 자동 알림 규칙입니다. 기본 수신 채널은 설정에 따라 앱푸시/SMS/알림톡 중 활성 채널을 사용합니다.
근거 문서: admin/기능명세서/D08-마케팅/MKT-02-자동알림/00-기본기능.md"
654	MKT-02-02	상품 알림 목록	"LV3에 나온 ""만료 당일/ 홀딩 종료/ 결제 완료/ 환불 처리"" 알림은
계약서의 자동 알림 13종 엔진(생일/만료 D-7·D-30/결석/환영 등)에 포함된다고 볼수 있으나,

해당 알림을 수신하는 주체가 앱(푸시)인지,알림톡인지, 메세지 인지 등에 대해서는 확인 필요.

계약서에서는 마케팅메세지 발송은 4채널로 되어있으나, 자동알림 13종의 수신 주체에 대해서 명시 없음."	"[기획 답변] 제로스트 의견처럼 계약서 명시/유무상 판단과 기획 설명은 분리됩니다. 해당 항목의 기획 기준은 다음과 같고, 최종 계약 범위 판단은 판도-제로스트 협의 사항입니다. 상품 알림 목록은 만료 당일, 홀딩 종료, 결제 완료, 환불 처리 등 상품/결제 이벤트 기반 알림입니다. 수신 주체는 회원이며 채널은 알림 설정의 활성 채널을 따릅니다.
근거 문서: admin/기능명세서/D08-마케팅/MKT-02-자동알림/00-기본기능.md"
655	MKT-02-03	토글 활성/비활성	"LV3에서 ""규칙별 토글""과 ""본사 필수 차단"" 기능이 어떤건지 확인 필요."	"[기획 답변] 제로스트 O열 의견을 기준으로 답변드립니다. 규칙별 토글은 알림 규칙을 개별 ON/OFF하는 기능입니다. 본사 필수 차단은 본사가 필수로 지정한 규칙은 지점에서 임의로 끌 수 없게 하는 제한입니다.
근거 문서: admin/기능명세서/D08-마케팅/MKT-02-자동알림/00-기본기능.md"
656	MKT-02-04	상세 설정	"LV3에서 ""DLG-072-001""와 같이 기획코드를 기능으로 적어놨는데, 기능 명시 필요."	"[기획 답변] 제로스트 의견처럼 계약서 명시/유무상 판단과 기획 설명은 분리됩니다. 해당 항목의 기획 기준은 다음과 같고, 최종 계약 범위 판단은 판도-제로스트 협의 사항입니다. 상세 설정 다이얼로그는 알림 문구, 발송 시점, 채널, 대상 조건, 예외 조건을 수정하는 기능입니다.
근거 문서: admin/기능명세서/D08-마케팅/MKT-02-자동알림/00-기본기능.md"
660	MKT-03-01	요약 지표	"LV3에서의 ""4종 카드""가 어떤건지 확인 필요."	"[기획 답변] 제로스트 O열 의견을 기준으로 답변드립니다. 쿠폰 요약 지표 4종은 전체 쿠폰 수, 활성 쿠폰 수, 발급 건수, 사용/만료 건수입니다.
근거 문서: admin/기능명세서/D08-마케팅/MKT-03-쿠폰관리/00-기본기능.md"
661	MKT-03-02	쿠폰 목록	"LV3에서의 ""9개 컬럼""이 어떤게 있는지 확인 필요."	"[기획 답변] 제로스트 O열 의견을 기준으로 답변드립니다. 쿠폰 목록 9개 컬럼은 쿠폰명, 유형, 할인값, 사용기간, 발급수, 사용수, 상태, 생성자, 액션입니다.
근거 문서: admin/기능명세서/D08-마케팅/MKT-03-쿠폰관리/00-기본기능.md"
662	MKT-03-03	쿠폰 생성	"LV3에서 ""DLG-073-001""와 같이 기획코드가 적혀있는데, 기능 명시 필요."	"[기획 답변] 제로스트 의견처럼 계약서 명시/유무상 판단과 기획 설명은 분리됩니다. 해당 항목의 기획 기준은 다음과 같고, 최종 계약 범위 판단은 판도-제로스트 협의 사항입니다. 쿠폰 생성 다이얼로그는 쿠폰명, 할인 방식, 할인 금액/율, 유효기간, 발급 조건, 사용 제한을 입력해 쿠폰을 생성하는 기능입니다.
근거 문서: admin/기능명세서/D08-마케팅/MKT-03-쿠폰관리/00-기본기능.md"
664	MKT-03-05	쿠폰 발급	"LV3에서 ""DLG-073-002""와 같이 기획코드가 적혀있는데, 기능 명시 필요.
""발급 메세지""는 어떤 기능인지 확인 필요. 
쿠폰 발급되면 자동으로 메세지를 보내는건지?
계약서에서는 쿠폰 관리 기능만 명시되어있음."	"[기획 답변] 제로스트 의견처럼 계약서 명시/유무상 판단과 기획 설명은 분리됩니다. 해당 항목의 기획 기준은 다음과 같고, 최종 계약 범위 판단은 판도-제로스트 협의 사항입니다. 쿠폰 발급 다이얼로그는 개별 회원 검색 또는 그룹/등급 조건으로 발급 대상을 선택해 쿠폰을 발급하는 기능입니다. 발급 메시지는 발급 완료 안내 발송 여부/문구를 의미합니다.
근거 문서: admin/기능명세서/D08-마케팅/MKT-03-쿠폰관리/00-기본기능.md"
665	MKT-03-06	쿠폰 삭제	"LV3에서 ""DLG-073-003""와 같이 기획코드가 적혀있는데, 기능 명시 필요."	"[기획 답변] 제로스트 의견처럼 계약서 명시/유무상 판단과 기획 설명은 분리됩니다. 해당 항목의 기획 기준은 다음과 같고, 최종 계약 범위 판단은 판도-제로스트 협의 사항입니다. 쿠폰 삭제 다이얼로그는 쿠폰 삭제 전 사용 중/발급 이력 영향을 확인하고 삭제 또는 비활성 처리하는 확인 기능입니다.
근거 문서: admin/기능명세서/D08-마케팅/MKT-03-쿠폰관리/00-기본기능.md"
666	MKT-03-07	사용률 통계	"계약서에  쿠폰 관리(생성·수정·발급·소멸·상태 자동 계산)으로만 적혀있고,
""쿠폰 사용률 통계"" 기능은 명시되어있지 않음.
LV3에서의 ""효과 분석""도 어떤 효과 분석 기능인지 확인 필요."	"[기획 답변] 제로스트 의견의 계약 범위 이견과 구분해 답변드립니다. 기능 정의는 기획 문서 기준 다음과 같습니다. 사용률 통계는 발급 대비 사용률과 쿠폰별 효과를 보는 분석 영역입니다. 단순 사용률 표시를 넘는 효과 분석은 추가 협의 대상으로 분리 가능합니다.
근거 문서: admin/기능명세서/D08-마케팅/MKT-03-쿠폰관리/00-기본기능.md"
668	MKT-04-01	요약 지표	" 계약서에도 따로 명시 없고, 
LV3에서 ""4종 카드""라고 적혀있는데 4종 카드가 어떤건지 확인 필요."	"[기획 답변] 제로스트 의견처럼 계약서 명시/유무상 판단과 기획 설명은 분리됩니다. 해당 항목의 기획 기준은 다음과 같고, 최종 계약 범위 판단은 판도-제로스트 협의 사항입니다. 마일리지 요약 지표 4종은 총 발행, 총 사용, 소멸 예정, 현재 유통 잔액입니다.
근거 문서: admin/기능명세서/D08-마케팅/MKT-04-마일리지관리/00-기본기능.md"
669	MKT-04-02	회원별 테이블	"LV3에서의 ""7개 컬럼""이 어떤 컬럼들인지 확인 필요.
""회원명 → SCR-M004""와 같이 기획코드로 적힌것도 기능 명시 필요."	"[기획 답변] 제로스트 의견처럼 계약서 명시/유무상 판단과 기획 설명은 분리됩니다. 해당 항목의 기획 기준은 다음과 같고, 최종 계약 범위 판단은 판도-제로스트 협의 사항입니다. 회원별 테이블 7개 컬럼은 회원명, 연락처, 현재 잔액, 총 적립, 총 사용, 최근 적립일, 액션입니다. 회원명 클릭은 회원 상세 이동입니다.
근거 문서: admin/기능명세서/D08-마케팅/MKT-04-마일리지관리/00-기본기능.md"
671	MKT-04-04	이력 조회	"LV3에서의 ""5개 컬럼""이 어떤건지 확인 필요."	"[기획 답변] 제로스트 O열 의견을 기준으로 답변드립니다. 이력 조회 5개 컬럼은 일시, 구분(적립/사용/소멸/조정), 금액, 사유, 처리자입니다.
근거 문서: admin/기능명세서/D08-마케팅/MKT-04-마일리지관리/00-기본기능.md"
672	MKT-04-05	수동 적립 / 차감	"LV3에서 ""DLG-074-002""라고 기획코드가 적혀있는데, 기능 명시 필요."	"[기획 답변] 제로스트 의견처럼 계약서 명시/유무상 판단과 기획 설명은 분리됩니다. 해당 항목의 기획 기준은 다음과 같고, 최종 계약 범위 판단은 판도-제로스트 협의 사항입니다. 수동 적립/차감 다이얼로그는 대상 회원의 현재 잔액을 확인하고 적립/차감 금액과 사유를 입력해 잔액을 조정하는 기능입니다.
근거 문서: admin/기능명세서/D08-마케팅/MKT-04-마일리지관리/00-기본기능.md"
673	MKT-04-06	적립 규칙	"LV3에서 ""DLG-074-001""라고 기획코드가 적혀있는데, 기능 명시 필요."	"[기획 답변] 제로스트 의견처럼 계약서 명시/유무상 판단과 기획 설명은 분리됩니다. 해당 항목의 기획 기준은 다음과 같고, 최종 계약 범위 판단은 판도-제로스트 협의 사항입니다. 적립 규칙 다이얼로그는 결제 적립률, 이벤트 적립, 소멸 정책, 사용 단위 등을 설정하는 기능입니다.
근거 문서: admin/기능명세서/D08-마케팅/MKT-04-마일리지관리/00-기본기능.md"
675	MKT-04-08	자동 소멸	"LV3에서의 ""회원 알림"" 기능은 마일리지가 소멸될지 회원 앱쪽에 푸시 알림하는 기능이라면
관련하여 계약서에 명시되어있지 않아서 추가 사항으로 판단됨.
계약서에는 "" 마일리지 관리(적립·사용·소멸 정책)""로만 적혀있음."	"[기획 답변] 제로스트 의견의 계약 범위 이견과 구분해 답변드립니다. 기능 정의는 기획 문서 기준 다음과 같습니다. 자동 소멸은 소멸 예정일이 지난 마일리지를 정책에 따라 차감하는 배치입니다. 회원 알림까지 포함할 경우 알림 채널 범위는 별도 협의 가능합니다.
근거 문서: admin/기능명세서/D08-마케팅/MKT-04-마일리지관리/00-기본기능.md"
676	MKT-04-09	엑셀 다운로드	"계약서에 엑셀 다운로드 기능이 명시되어있지 않으나,
 
 단순히 이력 목록 데이터를 엑셀로 다운로드하는 기본 기능이라면 무상 가능해보임."	"[기획 답변] 제로스트 의견처럼 계약서 명시/유무상 판단과 기획 설명은 분리됩니다. 해당 항목의 기획 기준은 다음과 같고, 최종 계약 범위 판단은 판도-제로스트 협의 사항입니다. 엑셀 다운로드는 마일리지 이력 목록 데이터를 다운로드하는 기능입니다.
근거 문서: admin/기능명세서/D08-마케팅/MKT-04-마일리지관리/00-기본기능.md"
680	MKT-08	SMS / 카카오 대량 발송 (채널 통합 + 단가 관리)	"채널 통합에 대해서 기능 설명이 없음.
 
 계약서에는 채널 통합 기능 명시 없음."	"[기획 답변] 제로스트 의견의 계약 범위 이견과 구분해 답변드립니다. 기능 정의는 기획 문서 기준 다음과 같습니다. 채널 통합은 SMS와 카카오 발송을 한 화면에서 선택·비용 확인·대상 발송하는 기능입니다. 계약 범위에 채널 통합이 없으면 추가 협의 대상으로 분리 가능합니다.
근거 문서: admin/기능명세서/D08-마케팅/MKT-08-SMS카카오대량발송/00-기본기능.md"
681	MKT-08-01	채널 현황	"LV3에적힌 ""4종 카드""가 어떤건지 확인 필요. "	"[기획 답변] 제로스트 O열 의견을 기준으로 답변드립니다. 채널 현황 4종 카드는 SMS 잔여/사용, 카카오 잔여/사용 또는 채널별 발송 가능 상태와 비용 현황을 요약합니다.
근거 문서: admin/기능명세서/D08-마케팅/MKT-08-SMS카카오대량발송/00-기본기능.md"
682	MKT-08-02	발송 대상 선택	"LV3에서 ""DLG-078-001""으로 기획코드가 적혀있는데, 기능 명시 필요."	"[기획 답변] 제로스트 의견처럼 계약서 명시/유무상 판단과 기획 설명은 분리됩니다. 해당 항목의 기획 기준은 다음과 같고, 최종 계약 범위 판단은 판도-제로스트 협의 사항입니다. 발송 대상 선택 다이얼로그는 회원/리드/조건그룹을 선택해 대량 발송 대상을 확정하는 기능입니다.
근거 문서: admin/기능명세서/D08-마케팅/MKT-08-SMS카카오대량발송/00-기본기능.md"
685	MKT-08-05	발송 확인	"LV3에서 ""DLG-078-002와 같이 기획코드가 적힌 부분은 기능 명시 필요."	"[기획 답변] 제로스트 의견처럼 계약서 명시/유무상 판단과 기획 설명은 분리됩니다. 해당 항목의 기획 기준은 다음과 같고, 최종 계약 범위 판단은 판도-제로스트 협의 사항입니다. 발송 확인 다이얼로그는 발송 전 대상 수, 채널, 예상 비용, 메시지 내용을 최종 확인하는 기능입니다.
근거 문서: admin/기능명세서/D08-마케팅/MKT-08-SMS카카오대량발송/00-기본기능.md"
686	MKT-08-06	발송 처리	"LV3에서 ""채널분배"" 기능은 어떤건지 확인 필요. 단순히 채널을 선택해서 보낸다는것인지?"	"[기획 답변] 제로스트 O열 의견을 기준으로 답변드립니다. 채널분배는 선택한 우선 채널로 발송하고 실패 또는 미수신 조건에서 대체 채널로 분기하는 처리입니다. 단순 채널 선택만 적용할 수도 있습니다.
근거 문서: admin/기능명세서/D08-마케팅/MKT-08-SMS카카오대량발송/00-기본기능.md"
687	MKT-08-07	발송 이력	"LV3에서 ""5개 컬럼""이라고 적혀있는데, 어떤 컬럼들인지 확인 필요."	"[기획 답변] 제로스트 O열 의견을 기준으로 답변드립니다. 발송 이력 5개 컬럼은 발송일시, 채널, 대상 수, 성공/실패 수, 비용/액션입니다.
근거 문서: admin/기능명세서/D08-마케팅/MKT-08-SMS카카오대량발송/00-기본기능.md"
705	SAL-EXT-05-01	카테고리 탭	"카테고리탭 관련하여 계약서에 명시되어있지는 않으나,
 
 상품 카테고리(회원권, PT 등)에 대한 구분 탭이면 무상 가능해보임"	"[기획 답변] 제로스트 의견처럼 계약서 명시/유무상 판단과 기획 설명은 분리됩니다. 해당 항목의 기획 기준은 다음과 같고, 최종 계약 범위 판단은 판도-제로스트 협의 사항입니다. 카테고리 탭 4종은 이용권, PT, GX, 기타입니다.
근거 문서: admin/기능명세서/D03-매출관리/SAL-EXT-05-POS판매/00-기본기능.md"
707	SAL-EXT-05-03	상품 카드 그리드	"상품 카드 그리드 관련하여 계약서에 명시되어있지는 않으나,
 
 단순히 UI상 상품을 카드 그리드 형태로 보여주는것이라면 무상 가능해보임."	"[기획 답변] 제로스트 의견처럼 계약서 명시/유무상 판단과 기획 설명은 분리됩니다. 해당 항목의 기획 기준은 다음과 같고, 최종 계약 범위 판단은 판도-제로스트 협의 사항입니다. 상품 카드에는 상품 유형 배지, 상품명, 기간/횟수, 현금가/카드가가 표시됩니다.
근거 문서: admin/기능명세서/D03-매출관리/SAL-EXT-05-POS판매/00-기본기능.md"
708	SAL-EXT-05-04	장바구니 패널	"장바구니 관련하여 계약서에 명시되어있지는 않으나,
 
 상품 선택 후 결제 전에 담아두는 단순 장바구니 기능이라면 무상 가능해보임"	"[기획 답변] 제로스트 의견처럼 계약서 명시/유무상 판단과 기획 설명은 분리됩니다. 해당 항목의 기획 기준은 다음과 같고, 최종 계약 범위 판단은 판도-제로스트 협의 사항입니다. 장바구니 패널은 담긴 상품 목록, 수량 조절, 현금/카드 가격 전환, 개별/전체 삭제, 빈 상태 안내를 포함합니다.
근거 문서: admin/기능명세서/D03-매출관리/SAL-EXT-05-POS판매/00-기본기능.md"
710	SAL-EXT-05-06	결제 진입	"LV3에서 
""[결제하기] → SCR-S003""와 같이 기획코드로 적힌거는 기능 명시 필요.
""[결제링크 발송] (회원 선택 시)""은 고객사측에서 논의중이라고 하였고, 
계약서에 결제 링크 발송 관련 명시 없음."	"[기획 답변] 제로스트 의견의 계약 범위 이견과 구분해 답변드립니다. 기능 정의는 기획 문서 기준 다음과 같습니다. 결제하기는 결제 처리 화면(SCR-S003)으로 이동하는 버튼입니다. 결제링크 발송은 회원 선택 시 활성화되는 비대면 결제 흐름이며, 범위 이견이 있으면 별도 협의 가능합니다.
근거 문서: admin/기능명세서/D03-매출관리/SAL-EXT-05-POS판매/00-기본기능.md"
711	SAL-EXT-05-07	상품 등록 단축	"상품등록단축 기능에 대한 설명이 없고, 계약서에 명시가 되어있지 않음.
LV3에서는 ""[상품 등록] → SCR-P002""와 같이 기획코드로 적혀있는데, 기능 명시 필요.
"	"[기획 답변] 제로스트 의견처럼 계약서 명시/유무상 판단과 기획 설명은 분리됩니다. 해당 항목의 기획 기준은 다음과 같고, 최종 계약 범위 판단은 판도-제로스트 협의 사항입니다. 상품 등록 단축은 POS 판매 중 신규 상품 등록이 필요할 때 상품 등록/수정 화면(SCR-P002)으로 이동하는 빠른 진입 버튼입니다.
근거 문서: admin/기능명세서/D03-매출관리/SAL-EXT-05-POS판매/00-기본기능.md"
713	CLS-14	출석 QR 체크인 (회원 자가 출석 + 실시간 현황)	"수업쪽 QR 관리 및 인증 처리는 계약서에 명시도 되어있지 않은데,
 
 고객사 측에서도 기획적으로 확정하지 못한 부분이라서 현재 판단 불가."	"[기획 답변] 제로스트 의견의 계약 범위 이견과 구분해 답변드립니다. 기능 정의는 기획 문서 기준 다음과 같습니다. CLS-14는 회원이 QR을 스캔해 수업 출석을 직접 처리하고 실시간 출석 현황을 보는 기능입니다. 기능 정의는 문서에 있으나 QR 관리/자가 체크인/자동 노쇼는 계약 범위 포함 여부를 별도 협의할 수 있습니다.
근거 문서: admin/기능명세서/D04-수업관리/CLS-14-출석QR체크인/00-기본기능.md"
715	CLS-14-02	수업 선택	"위의 대분류 항목과 동일하게, QR 출석 관련 세부 기능이라서 판단 불가.
 
 고객사 측에서도 기획적으로 확정하지 못한 부분"	"[기획 답변] 제로스트 의견처럼 고객사/판도 확정이 필요한 지점은 따로 구분합니다. 현재 기획 답변으로 정리할 수 있는 문서상 정의는 다음과 같습니다. 수업 선택은 진행 중·예정 수업을 노출하며 수업 시작 30분 전부터 표시하고 자동 전환합니다.
근거 문서: admin/기능명세서/D04-수업관리/CLS-14-출석QR체크인/00-기본기능.md"
716	CLS-14-03	출석 등록	"위의 대분류 항목과 동일하게, QR 출석 관련 세부 기능이라서 판단 불가.
 
 고객사 측에서도 기획적으로 확정하지 못한 부분"	"[기획 답변] 제로스트 의견처럼 고객사/판도 확정이 필요한 지점은 따로 구분합니다. 현재 기획 답변으로 정리할 수 있는 문서상 정의는 다음과 같습니다. 출석 등록은 QR 인식 후 회원 검증과 수업 매칭을 거쳐 자동 출석 처리하며 PT는 횟수 차감과 정원 검증을 함께 처리합니다.
근거 문서: admin/기능명세서/D04-수업관리/CLS-14-출석QR체크인/00-기본기능.md"
717	CLS-14-04	실시간 현황	"위의 대분류 항목과 동일하게, QR 출석 관련 세부 기능이라서 판단 불가.
 
 고객사 측에서도 기획적으로 확정하지 못한 부분"	"[기획 답변] 제로스트 의견처럼 고객사/판도 확정이 필요한 지점은 따로 구분합니다. 현재 기획 답변으로 정리할 수 있는 문서상 정의는 다음과 같습니다. 실시간 현황은 예약/출석/미출석 카운트, 출석 회원 목록, 실시간 갱신으로 구성됩니다.
근거 문서: admin/기능명세서/D04-수업관리/CLS-14-출석QR체크인/00-기본기능.md"
718	CLS-14-05	수동 체크인	"위의 대분류 항목과 동일하게, QR 출석 관련 세부 기능이라서 판단 불가.
 
 고객사 측에서도 기획적으로 확정하지 못한 부분"	"[기획 답변] 제로스트 의견처럼 고객사/판도 확정이 필요한 지점은 따로 구분합니다. 현재 기획 답변으로 정리할 수 있는 문서상 정의는 다음과 같습니다. 수동 체크인은 QR 스캔 실패 또는 QR 미보유 시 회원명/연락처 검색 후 출석 처리하는 보완 흐름입니다.
근거 문서: admin/기능명세서/D04-수업관리/CLS-14-출석QR체크인/00-기본기능.md"
719	CLS-14-06	피드백	"위의 대분류 항목과 동일하게, QR 출석 관련 세부 기능이라서 판단 불가.
 
 고객사 측에서도 기획적으로 확정하지 못한 부분"	"[기획 답변] 제로스트 의견처럼 고객사/판도 확정이 필요한 지점은 따로 구분합니다. 현재 기획 답변으로 정리할 수 있는 문서상 정의는 다음과 같습니다. 피드백은 성공 시각 표시, 사운드/진동, 실패 안내를 포함합니다.
근거 문서: admin/기능명세서/D04-수업관리/CLS-14-출석QR체크인/00-기본기능.md"
720	CLS-14-07	QR 관리	"위의 대분류 항목과 동일하게, QR 출석 관련 세부 기능이라서 판단 불가.
 
 고객사 측에서도 기획적으로 확정하지 못한 부분"	"[기획 답변] 제로스트 의견처럼 고객사/판도 확정이 필요한 지점은 따로 구분합니다. 현재 기획 답변으로 정리할 수 있는 문서상 정의는 다음과 같습니다. QR 관리는 QR 발급, 정기 갱신/만료, 회원앱 표시를 포함합니다.
근거 문서: admin/기능명세서/D04-수업관리/CLS-14-출석QR체크인/00-기본기능.md"
721	CLS-14-08	노쇼 자동 처리	"위의 대분류 항목과 동일하게, QR 출석 관련 세부 기능이라서 판단 불가.
 
 고객사 측에서도 기획적으로 확정하지 못한 부분"	"[기획 답변] 제로스트 의견처럼 고객사/판도 확정이 필요한 지점은 따로 구분합니다. 현재 기획 답변으로 정리할 수 있는 문서상 정의는 다음과 같습니다. 노쇼 자동 처리는 수업 종료 시점까지 미체크인인 회원을 정책에 따라 자동 노쇼로 처리하는 기능입니다.
근거 문서: admin/기능명세서/D04-수업관리/CLS-14-출석QR체크인/00-기본기능.md"
722	SET-EXT-01	지점 자동화 적용 (본사 정책 세트 선택·적용)	"지점 자동화 및 자동화 정책 라이브러리 관련 기능은
 계약서에 명시되어있지 않고, 필수 기능으로 보이지 않음."	"[기획 답변] 제로스트 의견의 계약 범위 이견과 구분해 답변드립니다. 기능 정의는 기획 문서 기준 다음과 같습니다. 지점 자동화 적용은 본사 정책 세트를 지점에 선택·적용하는 기능입니다. 정책 요약, 상품군 탭, 정책 세트 선택, 스텝 테이블, 테스트 발송, 시뮬레이션, 적용 저장, 롤백으로 구성됩니다. 문서상 기능 정의는 있으나 계약 범위 포함 여부는 별도 협의 대상으로 분리 가능합니다.
근거 문서: admin/기능명세서/D09-설정관리/SET-EXT-01-지점자동화적용/00-기본기능.md"
723	SET-EXT-01-01	정책 요약	"지점 자동화 및 자동화 정책 라이브러리 관련 기능은
 계약서에 명시되어있지 않고, 필수 기능으로 보이지 않음."	"[기획 답변] 제로스트 의견의 계약 범위 이견과 구분해 답변드립니다. 기능 정의는 기획 문서 기준 다음과 같습니다. 지점 자동화 적용은 본사 정책 세트를 지점에 선택·적용하는 기능입니다. 정책 요약, 상품군 탭, 정책 세트 선택, 스텝 테이블, 테스트 발송, 시뮬레이션, 적용 저장, 롤백으로 구성됩니다. 문서상 기능 정의는 있으나 계약 범위 포함 여부는 별도 협의 대상으로 분리 가능합니다.
근거 문서: admin/기능명세서/D09-설정관리/SET-EXT-01-지점자동화적용/00-기본기능.md"
724	SET-EXT-01-02	상품군 탭	"지점 자동화 및 자동화 정책 라이브러리 관련 기능은
 계약서에 명시되어있지 않고, 필수 기능으로 보이지 않음."	"[기획 답변] 제로스트 의견의 계약 범위 이견과 구분해 답변드립니다. 기능 정의는 기획 문서 기준 다음과 같습니다. 지점 자동화 적용은 본사 정책 세트를 지점에 선택·적용하는 기능입니다. 정책 요약, 상품군 탭, 정책 세트 선택, 스텝 테이블, 테스트 발송, 시뮬레이션, 적용 저장, 롤백으로 구성됩니다. 문서상 기능 정의는 있으나 계약 범위 포함 여부는 별도 협의 대상으로 분리 가능합니다.
근거 문서: admin/기능명세서/D09-설정관리/SET-EXT-01-지점자동화적용/00-기본기능.md"
725	SET-EXT-01-03	정책 세트 선택	"지점 자동화 및 자동화 정책 라이브러리 관련 기능은
 계약서에 명시되어있지 않고, 필수 기능으로 보이지 않음."	"[기획 답변] 제로스트 의견의 계약 범위 이견과 구분해 답변드립니다. 기능 정의는 기획 문서 기준 다음과 같습니다. 지점 자동화 적용은 본사 정책 세트를 지점에 선택·적용하는 기능입니다. 정책 요약, 상품군 탭, 정책 세트 선택, 스텝 테이블, 테스트 발송, 시뮬레이션, 적용 저장, 롤백으로 구성됩니다. 문서상 기능 정의는 있으나 계약 범위 포함 여부는 별도 협의 대상으로 분리 가능합니다.
근거 문서: admin/기능명세서/D09-설정관리/SET-EXT-01-지점자동화적용/00-기본기능.md"
726	SET-EXT-01-04	스텝 테이블	"지점 자동화 및 자동화 정책 라이브러리 관련 기능은
 계약서에 명시되어있지 않고, 필수 기능으로 보이지 않음."	"[기획 답변] 제로스트 의견의 계약 범위 이견과 구분해 답변드립니다. 기능 정의는 기획 문서 기준 다음과 같습니다. 지점 자동화 적용은 본사 정책 세트를 지점에 선택·적용하는 기능입니다. 정책 요약, 상품군 탭, 정책 세트 선택, 스텝 테이블, 테스트 발송, 시뮬레이션, 적용 저장, 롤백으로 구성됩니다. 문서상 기능 정의는 있으나 계약 범위 포함 여부는 별도 협의 대상으로 분리 가능합니다.
근거 문서: admin/기능명세서/D09-설정관리/SET-EXT-01-지점자동화적용/00-기본기능.md"
727	SET-EXT-01-05	테스트 발송	"지점 자동화 및 자동화 정책 라이브러리 관련 기능은
 계약서에 명시되어있지 않고, 필수 기능으로 보이지 않음."	"[기획 답변] 제로스트 의견의 계약 범위 이견과 구분해 답변드립니다. 기능 정의는 기획 문서 기준 다음과 같습니다. 지점 자동화 적용은 본사 정책 세트를 지점에 선택·적용하는 기능입니다. 정책 요약, 상품군 탭, 정책 세트 선택, 스텝 테이블, 테스트 발송, 시뮬레이션, 적용 저장, 롤백으로 구성됩니다. 문서상 기능 정의는 있으나 계약 범위 포함 여부는 별도 협의 대상으로 분리 가능합니다.
근거 문서: admin/기능명세서/D09-설정관리/SET-EXT-01-지점자동화적용/00-기본기능.md"
728	SET-EXT-01-06	시뮬레이션	"지점 자동화 및 자동화 정책 라이브러리 관련 기능은
 계약서에 명시되어있지 않고, 필수 기능으로 보이지 않음."	"[기획 답변] 제로스트 의견의 계약 범위 이견과 구분해 답변드립니다. 기능 정의는 기획 문서 기준 다음과 같습니다. 지점 자동화 적용은 본사 정책 세트를 지점에 선택·적용하는 기능입니다. 정책 요약, 상품군 탭, 정책 세트 선택, 스텝 테이블, 테스트 발송, 시뮬레이션, 적용 저장, 롤백으로 구성됩니다. 문서상 기능 정의는 있으나 계약 범위 포함 여부는 별도 협의 대상으로 분리 가능합니다.
근거 문서: admin/기능명세서/D09-설정관리/SET-EXT-01-지점자동화적용/00-기본기능.md"
729	SET-EXT-01-07	적용 저장	"지점 자동화 및 자동화 정책 라이브러리 관련 기능은
 계약서에 명시되어있지 않고, 필수 기능으로 보이지 않음."	"[기획 답변] 제로스트 의견의 계약 범위 이견과 구분해 답변드립니다. 기능 정의는 기획 문서 기준 다음과 같습니다. 지점 자동화 적용은 본사 정책 세트를 지점에 선택·적용하는 기능입니다. 정책 요약, 상품군 탭, 정책 세트 선택, 스텝 테이블, 테스트 발송, 시뮬레이션, 적용 저장, 롤백으로 구성됩니다. 문서상 기능 정의는 있으나 계약 범위 포함 여부는 별도 협의 대상으로 분리 가능합니다.
근거 문서: admin/기능명세서/D09-설정관리/SET-EXT-01-지점자동화적용/00-기본기능.md"
730	SET-EXT-01-08	롤백	"지점 자동화 및 자동화 정책 라이브러리 관련 기능은
 계약서에 명시되어있지 않고, 필수 기능으로 보이지 않음."	"[기획 답변] 제로스트 의견의 계약 범위 이견과 구분해 답변드립니다. 기능 정의는 기획 문서 기준 다음과 같습니다. 지점 자동화 적용은 본사 정책 세트를 지점에 선택·적용하는 기능입니다. 정책 요약, 상품군 탭, 정책 세트 선택, 스텝 테이블, 테스트 발송, 시뮬레이션, 적용 저장, 롤백으로 구성됩니다. 문서상 기능 정의는 있으나 계약 범위 포함 여부는 별도 협의 대상으로 분리 가능합니다.
근거 문서: admin/기능명세서/D09-설정관리/SET-EXT-01-지점자동화적용/00-기본기능.md"
731	HQ-09	자동화 정책 라이브러리	"지점 자동화 및 자동화 정책 라이브러리 관련 기능은
 계약서에 명시되어있지 않고, 필수 기능으로 보이지 않음."	"[기획 답변] 제로스트 의견의 계약 범위 이견과 구분해 답변드립니다. 기능 정의는 기획 문서 기준 다음과 같습니다. 자동화 정책 라이브러리는 본사 표준 자동화 정책 세트를 관리하는 기능입니다. 정책 세트 카드, 정책 테이블, 스텝 미리보기, 사용 현황, 생성/수정, 스텝 구성, 지점 수정 허용 범위, 사용 중지, 복제로 구성됩니다. 문서상 기능 정의는 있으나 계약 범위 포함 여부는 별도 협의 대상입니다.
근거 문서: admin/기능명세서/D10-본사관리/HQ-09-자동화정책라이브러리/00-기본기능.md"
732	HQ-09-01	정책 세트 카드	"지점 자동화 및 자동화 정책 라이브러리 관련 기능은
 계약서에 명시되어있지 않고, 필수 기능으로 보이지 않음."	"[기획 답변] 제로스트 의견의 계약 범위 이견과 구분해 답변드립니다. 기능 정의는 기획 문서 기준 다음과 같습니다. 자동화 정책 라이브러리는 본사 표준 자동화 정책 세트를 관리하는 기능입니다. 정책 세트 카드, 정책 테이블, 스텝 미리보기, 사용 현황, 생성/수정, 스텝 구성, 지점 수정 허용 범위, 사용 중지, 복제로 구성됩니다. 문서상 기능 정의는 있으나 계약 범위 포함 여부는 별도 협의 대상입니다.
근거 문서: admin/기능명세서/D10-본사관리/HQ-09-자동화정책라이브러리/00-기본기능.md"
733	HQ-09-02	정책 테이블	"지점 자동화 및 자동화 정책 라이브러리 관련 기능은
 계약서에 명시되어있지 않고, 필수 기능으로 보이지 않음."	"[기획 답변] 제로스트 의견의 계약 범위 이견과 구분해 답변드립니다. 기능 정의는 기획 문서 기준 다음과 같습니다. 자동화 정책 라이브러리는 본사 표준 자동화 정책 세트를 관리하는 기능입니다. 정책 세트 카드, 정책 테이블, 스텝 미리보기, 사용 현황, 생성/수정, 스텝 구성, 지점 수정 허용 범위, 사용 중지, 복제로 구성됩니다. 문서상 기능 정의는 있으나 계약 범위 포함 여부는 별도 협의 대상입니다.
근거 문서: admin/기능명세서/D10-본사관리/HQ-09-자동화정책라이브러리/00-기본기능.md"
734	HQ-09-03	스텝 미리보기	"지점 자동화 및 자동화 정책 라이브러리 관련 기능은
 계약서에 명시되어있지 않고, 필수 기능으로 보이지 않음."	"[기획 답변] 제로스트 의견의 계약 범위 이견과 구분해 답변드립니다. 기능 정의는 기획 문서 기준 다음과 같습니다. 자동화 정책 라이브러리는 본사 표준 자동화 정책 세트를 관리하는 기능입니다. 정책 세트 카드, 정책 테이블, 스텝 미리보기, 사용 현황, 생성/수정, 스텝 구성, 지점 수정 허용 범위, 사용 중지, 복제로 구성됩니다. 문서상 기능 정의는 있으나 계약 범위 포함 여부는 별도 협의 대상입니다.
근거 문서: admin/기능명세서/D10-본사관리/HQ-09-자동화정책라이브러리/00-기본기능.md"
735	HQ-09-04	사용 현황 패널	"지점 자동화 및 자동화 정책 라이브러리 관련 기능은
 계약서에 명시되어있지 않고, 필수 기능으로 보이지 않음."	"[기획 답변] 제로스트 의견의 계약 범위 이견과 구분해 답변드립니다. 기능 정의는 기획 문서 기준 다음과 같습니다. 자동화 정책 라이브러리는 본사 표준 자동화 정책 세트를 관리하는 기능입니다. 정책 세트 카드, 정책 테이블, 스텝 미리보기, 사용 현황, 생성/수정, 스텝 구성, 지점 수정 허용 범위, 사용 중지, 복제로 구성됩니다. 문서상 기능 정의는 있으나 계약 범위 포함 여부는 별도 협의 대상입니다.
근거 문서: admin/기능명세서/D10-본사관리/HQ-09-자동화정책라이브러리/00-기본기능.md"
736	HQ-09-05	정책 세트 생성	"지점 자동화 및 자동화 정책 라이브러리 관련 기능은
 계약서에 명시되어있지 않고, 필수 기능으로 보이지 않음."	"[기획 답변] 제로스트 의견의 계약 범위 이견과 구분해 답변드립니다. 기능 정의는 기획 문서 기준 다음과 같습니다. 자동화 정책 라이브러리는 본사 표준 자동화 정책 세트를 관리하는 기능입니다. 정책 세트 카드, 정책 테이블, 스텝 미리보기, 사용 현황, 생성/수정, 스텝 구성, 지점 수정 허용 범위, 사용 중지, 복제로 구성됩니다. 문서상 기능 정의는 있으나 계약 범위 포함 여부는 별도 협의 대상입니다.
근거 문서: admin/기능명세서/D10-본사관리/HQ-09-자동화정책라이브러리/00-기본기능.md"
737	HQ-09-06	정책 세트 수정	"지점 자동화 및 자동화 정책 라이브러리 관련 기능은
 계약서에 명시되어있지 않고, 필수 기능으로 보이지 않음."	"[기획 답변] 제로스트 의견의 계약 범위 이견과 구분해 답변드립니다. 기능 정의는 기획 문서 기준 다음과 같습니다. 자동화 정책 라이브러리는 본사 표준 자동화 정책 세트를 관리하는 기능입니다. 정책 세트 카드, 정책 테이블, 스텝 미리보기, 사용 현황, 생성/수정, 스텝 구성, 지점 수정 허용 범위, 사용 중지, 복제로 구성됩니다. 문서상 기능 정의는 있으나 계약 범위 포함 여부는 별도 협의 대상입니다.
근거 문서: admin/기능명세서/D10-본사관리/HQ-09-자동화정책라이브러리/00-기본기능.md"
738	HQ-09-07	스텝 구성	"지점 자동화 및 자동화 정책 라이브러리 관련 기능은
 계약서에 명시되어있지 않고, 필수 기능으로 보이지 않음."	"[기획 답변] 제로스트 의견의 계약 범위 이견과 구분해 답변드립니다. 기능 정의는 기획 문서 기준 다음과 같습니다. 자동화 정책 라이브러리는 본사 표준 자동화 정책 세트를 관리하는 기능입니다. 정책 세트 카드, 정책 테이블, 스텝 미리보기, 사용 현황, 생성/수정, 스텝 구성, 지점 수정 허용 범위, 사용 중지, 복제로 구성됩니다. 문서상 기능 정의는 있으나 계약 범위 포함 여부는 별도 협의 대상입니다.
근거 문서: admin/기능명세서/D10-본사관리/HQ-09-자동화정책라이브러리/00-기본기능.md"
739	HQ-09-08	지점 수정 허용 범위	"지점 자동화 및 자동화 정책 라이브러리 관련 기능은
 계약서에 명시되어있지 않고, 필수 기능으로 보이지 않음."	"[기획 답변] 제로스트 의견의 계약 범위 이견과 구분해 답변드립니다. 기능 정의는 기획 문서 기준 다음과 같습니다. 자동화 정책 라이브러리는 본사 표준 자동화 정책 세트를 관리하는 기능입니다. 정책 세트 카드, 정책 테이블, 스텝 미리보기, 사용 현황, 생성/수정, 스텝 구성, 지점 수정 허용 범위, 사용 중지, 복제로 구성됩니다. 문서상 기능 정의는 있으나 계약 범위 포함 여부는 별도 협의 대상입니다.
근거 문서: admin/기능명세서/D10-본사관리/HQ-09-자동화정책라이브러리/00-기본기능.md"
740	HQ-09-09	사용 중지	"지점 자동화 및 자동화 정책 라이브러리 관련 기능은
 계약서에 명시되어있지 않고, 필수 기능으로 보이지 않음."	"[기획 답변] 제로스트 의견의 계약 범위 이견과 구분해 답변드립니다. 기능 정의는 기획 문서 기준 다음과 같습니다. 자동화 정책 라이브러리는 본사 표준 자동화 정책 세트를 관리하는 기능입니다. 정책 세트 카드, 정책 테이블, 스텝 미리보기, 사용 현황, 생성/수정, 스텝 구성, 지점 수정 허용 범위, 사용 중지, 복제로 구성됩니다. 문서상 기능 정의는 있으나 계약 범위 포함 여부는 별도 협의 대상입니다.
근거 문서: admin/기능명세서/D10-본사관리/HQ-09-자동화정책라이브러리/00-기본기능.md"
741	HQ-09-10	정책 복제	"지점 자동화 및 자동화 정책 라이브러리 관련 기능은
 계약서에 명시되어있지 않고, 필수 기능으로 보이지 않음."	"[기획 답변] 제로스트 의견의 계약 범위 이견과 구분해 답변드립니다. 기능 정의는 기획 문서 기준 다음과 같습니다. 자동화 정책 라이브러리는 본사 표준 자동화 정책 세트를 관리하는 기능입니다. 정책 세트 카드, 정책 테이블, 스텝 미리보기, 사용 현황, 생성/수정, 스텝 구성, 지점 수정 허용 범위, 사용 중지, 복제로 구성됩니다. 문서상 기능 정의는 있으나 계약 범위 포함 여부는 별도 협의 대상입니다.
근거 문서: admin/기능명세서/D10-본사관리/HQ-09-자동화정책라이브러리/00-기본기능.md"
742	IoT-05	회원 건강 연동 요약	"회원 건강 요약 기능해서는 계약서상 명시되어있지 않음.
 
 계약서에 있는 체성분 관리에 포함된다고 보기도 어려움.
 
 또한 회원 건강 연동 요약의 세부 기능도 정확히 파악 안됨."	"[기획 답변] 제로스트 의견의 계약 범위 이견과 구분해 답변드립니다. 기능 정의는 기획 문서 기준 다음과 같습니다. 회원 건강 연동 요약은 회원 상세에서 최근 출석, 오늘 옷 락커, 고정 락커, 최근 InBody, 최근 7일 활동량을 요약해 보여주는 기능입니다. MBR-ADV-03 체성분 관리 및 IoT/Health Connect 연동 범위와 연결되며, 외부 건강 데이터 확장 범위는 별도 협의 가능합니다.
근거 문서: admin/기능명세서/D11-통합운영/IoT-05-회원건강연동요약/00-기본기능.md"
743	IoT-05-01	요약 카드	"LV3에서 나온것처럼
""최근 출석, 오늘 옷 락커 / 고정 락커. 최근 InBody (확정). 최근 7일 활동량""
와 같이 회원 정보에 연결된 요약 기능이라면 
계약서 기준 체성분 데이터 수신/저장 및 IOT 연동 CRM 지원과 관련한 기능으로 무상 가능해보임."	"[기획 답변] 제로스트 의견처럼 계약서 명시/유무상 판단과 기획 설명은 분리됩니다. 해당 항목의 기획 기준은 다음과 같고, 최종 계약 범위 판단은 판도-제로스트 협의 사항입니다. 요약 카드는 최근 출석, 오늘 옷 락커, 고정 락커, 최근 InBody, 최근 7일 활동량입니다.
근거 문서: admin/기능명세서/D11-통합운영/IoT-05-회원건강연동요약/00-기본기능.md"
748	IoT-05-06	체성분 통합 관리	"LV3에서 적힌 내용 기준으로
""업로드 센터 탭"" => 수기 업로드 페이지로 이동하는건지?
""실시간 연동 탭"" => 어떤 것과 실시간 연동하는것인지?
확인 필요."	"[기획 답변] 제로스트 O열 의견을 기준으로 답변드립니다. 체성분 통합 관리는 수기 입력, 파일 업로드, InBody/Health Connect 실시간 API 수집 데이터를 한 곳에서 조회·검수하는 관리 화면입니다. 업로드 센터 탭은 파일/수기 수집 검수 영역이고 실시간 연동 탭은 InBody 등 장비/API 연동 상태 영역입니다.
근거 문서: admin/기능명세서/D11-통합운영/IoT-05-회원건강연동요약/00-기본기능.md"
749	IoT-05-07	검수 처리	"검수처리 기능이 어떤건지 고객사에서 정리하여 전달 필요.
LV3에서는 ""회원 직접 매칭/무시/확정 처리""로 적혀있음."	"[기획 답변] 제로스트 의견처럼 고객사/판도 확정이 필요한 지점은 따로 구분합니다. 현재 기획 답변으로 정리할 수 있는 문서상 정의는 다음과 같습니다. 검수 처리는 외부/수기 수집 체성분 데이터에 대해 회원 직접 매칭, 무시, 확정 처리를 수행하는 기능입니다.
근거 문서: admin/기능명세서/D11-통합운영/IoT-05-회원건강연동요약/00-기본기능.md"
750	IoT-05-08	수기 등록	"LV3에서 
""DLG-I003""와 같이 기획코드로 적힌 부분은 기능 명시 필요."	"[기획 답변] 제로스트 의견처럼 계약서 명시/유무상 판단과 기획 설명은 분리됩니다. 해당 항목의 기획 기준은 다음과 같고, 최종 계약 범위 판단은 판도-제로스트 협의 사항입니다. DLG-I003은 체성분 수기 등록 다이얼로그입니다. 회원 검색, 측정일시, 체중 필수 입력, 골격근량/체지방률 선택 입력 후 저장합니다.
근거 문서: admin/기능명세서/D11-통합운영/IoT-05-회원건강연동요약/00-기본기능.md"
